first_name,last_name,firm_name,title,email,phone,website,domain,city,state,country,niche,source,profile_url,registration_number,license_valid_from,license_valid_to,specializations,address
,,101 MOJO INT'L. CORPORATION,,,,,,,,PH,Recruitment Agency,ph-workabroad,https://www.workabroad.ph/profile/agency/7775/101-mojo-intl-corporation,DMW-019-LB-10132023-UL,"Oct 04, 2025","Oct 03, 2031",,
,,1015 BRILLIANT MINDS INC.,,,,,,,,PH,Recruitment Agency,ph-workabroad,https://www.workabroad.ph/profile/agency/8349/1015-brilliant-minds-inc,DMW-031-LB-08082025-PL,"Aug 08, 2025","Aug 07, 2028",,
,,1ST DYNAMIC PERSONNEL RESOURCES INC.,,,,,,,,PH,Recruitment Agency,ph-workabroad,https://1stdynamic.workabroad.ph/profile/agency/6568/1stdynamic,DMW-011-LB-051822-R,"Jun 10, 2022","Apr 08, 2026",,
,,"1ST NORTHERN INTERNATIONAL PLACEMENT, INC.",,,,,,,,PH,Recruitment Agency,ph-workabroad,https://1stnorthern.workabroad.ph/profile/agency/3241/1stnorthern,POEA-087-LB-122321-R,"Dec 30, 2021","Dec 29, 2031",,
,,2018 CROWNE HUMAN RESOURCES INC.,,,,,,,,PH,Recruitment Agency,ph-workabroad,https://2018crowne.workabroad.ph/profile/agency/7460/2018crowne,POEA-005-LB-020619-PL,"Jul 21, 2023","Jan 30, 2027",,
,,21ST CENTURY MANPOWER RESOURCES INC.,,,,,,,,PH,Recruitment Agency,ph-workabroad,https://21stcentury.workabroad.ph/profile/agency/1014/21stcentury,DMW-324-LB-04112024-R,"May 08, 2024","May 07, 2030",,
,,2TG MANPOWER INTERNATIONAL CORP.,,,,,,,,PH,Recruitment Agency,ph-workabroad,https://2tgmanpower.workabroad.ph/profile/agency/1520/2tgmanpower,POEA-216-LB-112919-R,"Dec 13, 2023","Dec 23, 2029",,
,,"7107 ISLANDS PLACEMENT & PROMOTIONS, INC.",,,,,,,,PH,Recruitment Agency,ph-workabroad,https://7107islands.workabroad.ph/profile/agency/841/7107islands,DMW-024-LB-03072023-R,"Dec 10, 2022","Dec 09, 2026",,
,,9K INTERNATIONAL MANPOWER SERVICES CORP.,,,,,,,,PH,Recruitment Agency,ph-workabroad,https://9kinternational.workabroad.ph/profile/agency/5982/9kinternational,POEA-222-LB-122816-R,"Feb 14, 2025","Jan 03, 2031",,
,,A & C INTERNATIONAL RESOURCES INC,,,,,,Manila,,PH,Recruitment Agency,ph-workabroad,https://ancintl.workabroad.ph/profile/agency/597/ancintl,POEA-029-LB-031821-R,"Apr 30, 2025","Mar 04, 2031","Engineering, Construction; Health Care Industry; Heavy Engineering & Fabrication; Hotel & Restaurants; Hospitality / Support / Allied Services; Information Technology; Operation & Maintenance; Petrochemical, Oil & Gas Industries; Security & Protection Industry; Sports, Gaming & Recreation","3rd floor 1717 Adriatico Street, Malate 1004, Manila, Philippines"
,,A SYSTEM INTERNATIONAL CORPORATION,,,,,,,,PH,Recruitment Agency,ph-workabroad,https://asystem.workabroad.ph/profile/agency/3962/asystem,POEA-228-LB-072108-R,"Jun 28, 2024","Jan 01, 2030",,
,,A. KANAN MANPOWER CORP. (ERMITA BRANCH),,,,,,,,PH,Recruitment Agency,ph-workabroad,https://akananmanpower.workabroad.ph/profile/agency/6367/akananmanpower,DMW-361-LB-05242024-R,"Apr 16, 2024","Apr 15, 2030",,
,,A.D.M. INTERNATIONAL MANPOWER SERVICES COMPANY,,,,,,,,PH,Recruitment Agency,ph-workabroad,https://admintl.workabroad.ph/profile/agency/1593/admintl,DMW-400-LB-07172024-R,"Jun 03, 2024","Jun 02, 2030",,
,,AAV TALENT TRAINING & MANAGEMENT INC.,,,,,,,,PH,Recruitment Agency,ph-workabroad,https://www.workabroad.ph/profile/agency/7070/aav-talent-training-management-inc,POEA-066-LB-031620-R,"Mar 15, 2024","Mar 14, 2030",,
,,AB INTERNATIONAL PLACEMENT INC (FORMERLY AB INTERNATIONAL PLACEMENT),,,,,,,,PH,Recruitment Agency,ph-workabroad,https://www.workabroad.ph/profile/agency/162/ab-international-placement-inc-formerly-ab-international-placement,POEA-087-LB-032216-R,"Apr 30, 2024","Apr 04, 2030",,
,,ABC GLOBAL EMPLOYMENT & MANPOWER SERVICES INC (FORMERLY SMITH BELL MANPOWER),,,,,,,,PH,Recruitment Agency,ph-workabroad,https://abcglobal.workabroad.ph/profile/agency/3511/abcglobal,DMW-057-LB-03232023-R,"Apr 05, 2023","Mar 15, 2027",,
,,ABD OVERSEAS MANPOWER CORPORATION,,,,,,,,PH,Recruitment Agency,ph-workabroad,https://abdoverseas.workabroad.ph/profile/agency/1521/abdoverseas,DMW-360-LB-05242024-R,"Apr 29, 2024","May 01, 2030",,
,,ADMIRAL OVERSEAS EMPLOYMENT CORP.,,,,,,,,PH,Recruitment Agency,ph-workabroad,https://admiral.workabroad.ph/profile/agency/2435/admiral,POEA-047-LB-062821-R,"May 24, 2022","Apr 06, 2030",,
,,ADVANCE GROUP LINK MANPOWER SERVICES INC.,,,,,,,,PH,Recruitment Agency,ph-workabroad,https://advancegroup.workabroad.ph/profile/agency/3533/advancegroup,DMW-501-LB-02242025-R,"Apr 16, 2025","Apr 15, 2031",,
,,ADVANCE STEP INTL MANPOWER SERVICES INC.,,,09266923531,,,,,PH,Recruitment Agency,ph-workabroad,https://www.workabroad.ph/profile/agency/5489/advance-step-intl-manpower-services-inc,POEA-090-LB-032316-R,"Jun 27, 2024","Mar 28, 2030",,
,,AERO ALLIED INTERNATIONAL INC.,,,,,,,,PH,Recruitment Agency,ph-workabroad,https://www.workabroad.ph/profile/agency/655/aero-allied-international-inc,178-LB-110806-R,"Jan 03, 2025","Oct 09, 2026",,
,,AGE INTERNATIONAL GULF EMPLOYMENT CO,,,,,,,,PH,Recruitment Agency,ph-workabroad,https://age.workabroad.ph/profile/agency/7323/age,POEA-070-LB-102121-R,"Dec 14, 2021","Dec 13, 2031",,
,,"AJM PLACEMENT & RECRUITMENT AGENCY, INC.",,,,,,,,PH,Recruitment Agency,ph-workabroad,https://www.workabroad.ph/profile/agency/4794/ajm-placement-recruitment-agency-inc,POEA-033-LB-061522-R,"May 31, 2022","May 30, 2026",,
,,AL ASSAL MANPOWER INC.,,,,,,,,PH,Recruitment Agency,ph-workabroad,https://alassal.workabroad.ph/profile/agency/353/alassal,POEA-133-LB-100522-R,"Oct 17, 2022","Oct 17, 2026",,
,,"AL AWA`EL INTERNATIONAL MANPOWER, INC.",,,,,,,,PH,Recruitment Agency,ph-workabroad,https://alawael.workabroad.ph/profile/agency/1150/alawael,POEA-190-LB-120622-R,"Oct 15, 2022","Oct 14, 2026",,
,,AL AXA INT'L MANPOWER SERVICES INC,,,,,,,,PH,Recruitment Agency,ph-workabroad,https://www.workabroad.ph/profile/agency/7188/al-axa-intl-manpower-services-inc,DMW-120-LB-06222023-R,"Jun 22, 2023","Jun 21, 2027",,
,,AL JAZIRA MANPOWER SERVICES,,,,,,,,PH,Recruitment Agency,ph-workabroad,https://aljazira.workabroad.ph/profile/agency/3868/aljazira,POEA-047-LB-062614-R,"Apr 08, 2023","Jun 16, 2026",,
,,AL MANAF INTERNATIONAL MANPOWER CORPORATION,,,,,,,,PH,Recruitment Agency,ph-workabroad,https://almanaf.workabroad.ph/profile/agency/2877/almanaf,DMW-454-LB-10022024-R,"Oct 30, 2020","Oct 29, 2030",,
,,"AL-KHALEEJ INTERNATIONAL SERVICES, INC.",,,,,,,,PH,Recruitment Agency,ph-workabroad,https://www.workabroad.ph/profile/agency/1123/al-khaleej-international-services-inc,POEA-275-LB-121718-R,"Oct 21, 2022","Oct 20, 2026",,
,,AL-KINGSMEN INTERNATIONAL MANPOWER SERVICES CO.,,,,,,,,PH,Recruitment Agency,ph-workabroad,https://alkingsmen.workabroad.ph/profile/agency/7776/alkingsmen,DMW-021-LB-10132023-UL,"Dec 22, 2025","Apr 14, 2026",,
,,"ALHABESHI INTERNATIONAL SERVICES, INC",,,,https://www.al-habeshi.com,al-habeshi.com,Manila,,PH,Recruitment Agency,ph-workabroad,https://alhabeshi.workabroad.ph/profile/agency/969/alhabeshi,POEA-120-LB-061918-R,"Dec 12, 2022","Aug 02, 2026",,
,,ALPHA MANPOWERLINK AGENCY CO,,,,,,,,PH,Recruitment Agency,ph-workabroad,https://alphamanpowerlink.workabroad.ph/profile/agency/7346/alphamanpowerlink,POEA-200-LB-121322-R,"Jan 08, 2022","Jan 07, 2032",,
,,ALPHA TOMO (P) INTL MANPOWER SERVICES INC. (FORMERLY: R.A. TOMO INTERNATIONAL MANPOWER SERVICES),,,,,,,,PH,Recruitment Agency,ph-workabroad,https://www.workabroad.ph/profile/agency/1974/alpha-tomo-p-intl-manpower-services-inc-formerly-ra-tomo-international-manpower-services,DMW-106-LB-06202023-R,"Jul 12, 2023","Jul 11, 2027",,
,,AMCAAJ INTERNATIONAL RECRUITMENT AGENCY,,,,,,,,PH,Recruitment Agency,ph-workabroad,https://amcaaj.workabroad.ph/profile/agency/3568/amcaaj,POEA-119-LB-082310-R,"Jan 06, 2023","Aug 15, 2026",,
,,AMEINRI OVERSEAS EMPLOYMENT AGENCY INC.,,,,,,,,PH,Recruitment Agency,ph-workabroad,https://ameinri.workabroad.ph/profile/agency/693/ameinri,DMW-393-LB-07082024-R,"Jul 01, 2024","Jun 30, 2030",,
,,AMERICAN PRIME MANPOWER SERVICES INC.,,,,,,,,PH,Recruitment Agency,ph-workabroad,https://americanprime.workabroad.ph/profile/agency/1500/americanprime,POEA-178-LB-101215-R,"Jan 12, 2024","Oct 15, 2029",,
,,AMI GLOBAL RECRUITMENT,,,,,,,,PH,Recruitment Agency,ph-workabroad,https://amiglobal.workabroad.ph/profile/agency/6167/amiglobal,POEA-023-LB-032417-PLe,"Sep 07, 2023","Oct 07, 2029",,
,,"ANDREWS MANPOWER CONSULTING, INC.",,,,,,Manila,,PH,Recruitment Agency,ph-workabroad,https://andrews.workabroad.ph/profile/agency/715/andrews,POEA-072-LB-072922-R,"Aug 10, 2022","Oct 19, 2025",,"the heart of the most prestigious, strategic and accessible business district in Ortigas Center, Pasig City --walking distance at our DMW government office and located next to the trendy Super Malls with ample five star hotel accommodations ( e"
,,"AQUAVIR INTERNATIONAL, INC.",,,,,,Makati,,PH,Recruitment Agency,ph-workabroad,https://aquavir.workabroad.ph/profile/agency/707/aquavir,POEA-002-LB-010720-R,"Apr 17, 2024","Apr 01, 2030",,
,,ARAM ENTERPRISES INC.,,,,,,,,PH,Recruitment Agency,ph-workabroad,https://aram.workabroad.ph/profile/agency/446/aram,DMW-180-LB-09272023-R,"Oct 13, 2023","Oct 06, 2029",,
,,"ARCHWAY INTERNATIONAL & MARKETING SERVICES, INC.",,,,,,,,PH,Recruitment Agency,ph-workabroad,https://archway.workabroad.ph/profile/agency/2509/archway,POEA-045-LB-110613-R,"Feb 16, 2022","Oct 13, 2031",,
,,ARDCORP - MAIN,,,,https://www.ardcorpphils.com/,ardcorpphils.com,,,PH,Recruitment Agency,ph-workabroad,https://ardcorpmanila.workabroad.ph/profile/agency/7431/ardcorpmanila,POEA-055-LB-031020-R,"Apr 30, 2024","Apr 20, 2030",,
,,ARMSTRONG RESOURCES CORPORATION,,,,,,,,PH,Recruitment Agency,ph-workabroad,https://armstrong.workabroad.ph/profile/agency/661/armstrong,POEA-199-LB-121322-R,"Jan 21, 2023","Jan 20, 2027",,
,,"AROUND THE WORLD MANPOWER SERVICES, INC.",,,,,,,,PH,Recruitment Agency,ph-workabroad,https://aroundtheworld.workabroad.ph/profile/agency/360/aroundtheworld,POEA-209-LB-071812-R,"Jul 30, 2024","Jul 29, 2030",,
,,ASCEND INTERNATIONAL SERVICES INC,,,,,,Manila,,PH,Recruitment Agency,ph-workabroad,https://ascend.workabroad.ph/profile/agency/2372/ascend,DMW-196-LB-11072023-R,"Nov 24, 2023","Jan 22, 2030",,
,,"ASIA REACH INTERNATIONAL MANAGEMENT & CONTRACTOR SERVICES, INC.",,,,,,,,PH,Recruitment Agency,ph-workabroad,https://asiareach.workabroad.ph/profile/agency/2511/asiareach,POEA-095-LB-083022-R,"Aug 26, 2022","Aug 26, 2026",,
,,"ASIA SYSTEM, INC.",,,,,,,,PH,Recruitment Agency,ph-workabroad,https://asiasystem.workabroad.ph/profile/agency/3696/asiasystem,POEA-204-LB-112614-R,"Jan 11, 2023","Dec 14, 2026",,
,,"ASMACS RECRUITMENT SERVICES, INC.",,,,,,,,PH,Recruitment Agency,ph-workabroad,https://asmacs.workabroad.ph/profile/agency/4957/asmacs,DMW-003-LB-03072023-R,"Jan 19, 2023","Feb 14, 2027",,
,,ASMK INT'L. HUMAN SOLUTIONS CO.,,,,,,,,PH,Recruitment Agency,ph-workabroad,https://asmkintl.workabroad.ph/profile/agency/7393/asmkintl,POEA-016-LB-052518-PL,"Jul 14, 2022","May 24, 2026",,
,,"AUGUSTIN INTERNATIONAL CENTER, INC.",,,,,,Manila,,PH,Recruitment Agency,ph-workabroad,https://augustin.workabroad.ph/profile/agency/37/augustin,POEA-034-LB-061522-R,"Jul 08, 2022","Jun 19, 2026",,
,,AUREOLA SUN MANPOWER SERVICES CORP,,,,,,,,PH,Recruitment Agency,ph-workabroad,https://www.workabroad.ph/profile/agency/8159/aureola-sun-manpower-services-corp,DMW-012-LB-01192024-PL,"Jan 19, 2024","Jan 18, 2027",,
,,AUREUS MANPOWER AND CONSULTANCY CORP,,,,,,,,PH,Recruitment Agency,ph-workabroad,https://aureus.workabroad.ph/profile/agency/3681/aureus,POEA-072-LB-102821,,,,
,,AWRI-ALL-WORLD RECRUITMENT INC (FORMERLY WHITE BIRD BUSINESS MANAGEMENT),,,,,,,,PH,Recruitment Agency,ph-workabroad,https://awri.workabroad.ph/profile/agency/1607/awri,DMW-070-LB-04122023-R,"Apr 24, 2023","Sep 03, 2026",,
,,BENCHSTONE ENTERPRISE INCORPORATED,,,,https://www.facebook.com/beimanpower,facebook.com,Manila,,PH,Recruitment Agency,ph-workabroad,https://benchstone.workabroad.ph/profile/agency/2140/benchstone,POEA-043-LB-030420-R,"Mar 10, 2020","Mar 07, 2030",,
,,BENISCE INTERNATIONAL MANPOWER SERVICES,,,,,,,,PH,Recruitment Agency,ph-workabroad,https://www.workabroad.ph/profile/agency/5845/benisce-international-manpower-services,DMW-447-LB-09182024-R,"Nov 28, 2024","Nov 27, 2030",,
,,BERACAH HUMAN RESOURCE CONSULTANCY,,,,,,Quezon City,,PH,Recruitment Agency,ph-workabroad,https://beracah.workabroad.ph/profile/agency/5339/beracah,POEA-098-LB-050818-R,"Oct 21, 2022","Jun 23, 2026",,
,,BEST GROUP MARKETING AGENCY INC.,,,,,,,,PH,Recruitment Agency,ph-workabroad,https://bestgroup.workabroad.ph/profile/agency/6143/bestgroup,POEA-016-LB-080515-UL,"Oct 06, 2021","Apr 03, 2026",,
,,BEST MIGRANT WORKERS INTL MANPOWER SERVICES (BMWIMS) INC.,,,,,,,,PH,Recruitment Agency,ph-workabroad,https://bestmigrant.workabroad.ph/profile/agency/224/bestmigrant,POEA-195-LB-121222-R,"Dec 24, 2022","Dec 23, 2026",,
,,BISON MANAGEMENT CORPORATION,,,,,,Manila,,PH,Recruitment Agency,ph-workabroad,https://bison.workabroad.ph/profile/agency/985/bison,POEA-157-LB-102822-R,"Dec 20, 2022","Dec 19, 2026",,
,,BLAZING STAR INTERNATIONAL MANPOWER SERVICES,,,,,,,,PH,Recruitment Agency,ph-workabroad,https://blazingstar.workabroad.ph/profile/agency/2562/blazingstar,POEA-066-LB-042919-R,"Jul 11, 2023","Jul 10, 2027",,
,,BM SKYWAY GENERAL SERVICES & TRADING,,,,,,,,PH,Recruitment Agency,ph-workabroad,https://www.workabroad.ph/profile/agency/1741/bm-skyway-general-services-trading,POEA-080-LB-081222-R,"Aug 25, 2022","Oct 15, 2026",,
,,BMS GROUP INTERNATIONAL MANPOWER RECRUITMENT SERVICES CORP.,,,,,,,,PH,Recruitment Agency,ph-workabroad,https://bmsmain.workabroad.ph/profile/agency/7064/bmsmain,POEA-039-LB-042721-R,"Feb 28, 2021","Feb 27, 2025",,
,,BOBSTAR INTERNATIONAL RECRUITMENT AGENCY,,,,,,,,PH,Recruitment Agency,ph-workabroad,https://bobstarintl.workabroad.ph/profile/agency/6176/bobstarintl,DMW-602-LB-06182025-R,"Dec 20, 2024","Apr 29, 2025",,
,,"BS INTL. SERVICES AND PLACEMENT AGENCY, INC.",,,(632)5599081,,,Manila,,PH,Recruitment Agency,ph-workabroad,https://bsintl.workabroad.ph/profile/agency/3532/bsintl,DMW-289-LB-02282024-R,"Jan 12, 2024","Jan 11, 2030",,
,,BUILDING BETTER LIVES MANPOWER SERVICES INTERNATIONAL INC,,,,,,,,PH,Recruitment Agency,ph-workabroad,https://bblmanpower.workabroad.ph/profile/agency/4428/bblmanpower,POEA-096- LB-050718-R,"Jul 04, 2022","Jun 07, 2026",,
,,BUKWANG PRIME INTERNATIONAL AGENCY INC.,,,,,,,,PH,Recruitment Agency,ph-workabroad,https://www.workabroad.ph/profile/agency/5274/bukwang-prime-international-agency-inc,DMW-219-LB-11242023-R,"Jul 13, 2023","Jul 12, 2029",,
,,BUSINESSWISE INTERNATIONAL RESOURCES INC,,,,,,,,PH,Recruitment Agency,ph-workabroad,https://businesswiseintl.workabroad.ph/profile/agency/7173/businesswiseintl,DMW-425-LB-08202024-R,,,,
,,C.A.N.A. PLACEMENT SERVICES,,,,,,,,PH,Recruitment Agency,ph-workabroad,https://canaplacement.workabroad.ph/profile/agency/960/canaplacement,POEA-010-LB-011411-R,"Dec 12, 2022","Jan 28, 2027",,
,,CAL INTERNATIONAL RECRUITMENT OPC,,,,,,,,PH,Recruitment Agency,ph-workabroad,https://www.workabroad.ph/profile/agency/8122/cal-international-recruitment-opc,DMW-045-LB-11192025-UL,"Nov 19, 2025","Oct 11, 2029",,
,,CAMOX PHILIPPINES INC.,,,,,,,,PH,Recruitment Agency,ph-workabroad,https://camox.workabroad.ph/profile/agency/3659/camox,POEA-088-LB-052915-R,"Aug 23, 2023","Jun 05, 2027",,
,,CARE INTERNATIONAL PLACEMENT CORPORATION,,,,,,,,PH,Recruitment Agency,ph-workabroad,https://careinternational.workabroad.ph/profile/agency/4237/careinternational,POEA-158-LB-092010-R,"Jul 11, 2022","Sep 05, 2026",,
,,CAVES TREASURES MANPOWER & CONSTRUCTION CORP.,,,,,,,,PH,Recruitment Agency,ph-workabroad,https://cavestreasures.workabroad.ph/profile/agency/1395/cavestreasures,POEA-160-LB-081318-R,"Oct 03, 2022","Aug 09, 2026",,
,,CB & T PRO-STAFF INC.,,,,,,,,PH,Recruitment Agency,ph-workabroad,https://cbtprostaffinc.workabroad.ph/profile/agency/5909/cbtprostaffinc,POEA-035-LB-101016-Ple,"Apr 12, 2023","Oct 01, 2026",,
,,CELESTIAL INTERNATIONAL MANPOWER SERVICES CORPORATION (NEW),,,,,,,,PH,Recruitment Agency,ph-workabroad,https://www.workabroad.ph/profile/agency/6488/celestial-international-manpower-services-corporation-new,DMW-206-LB-11142023-R,"Aug 11, 2023","Aug 10, 2029",,
,,CENTRO PROJECT MANPOWER SERVICES CORP (NEW),,,,,,,,PH,Recruitment Agency,ph-workabroad,https://centroproject.workabroad.ph/profile/agency/6490/centroproject,DMW-325-LB-0405-2024-R,"Mar 08, 2024","Mar 07, 2030",,
,,CHANNEL INTERNATIONAL PLACEMENT SERVICES CORP.,,,,,,,,PH,Recruitment Agency,ph-workabroad,https://www.workabroad.ph/profile/agency/2862/channel-international-placement-services-corp,DMW-265-LB-02122024-R,"Aug 17, 2023","Aug 16, 2029",,
,,CHARTREUSE PRIME RECRUITMENT SPECIALIST,,,,,,Taguig,,PH,Recruitment Agency,ph-workabroad,https://chartreuse.workabroad.ph/profile/agency/3647/chartreuse,POEA-156-LB-102822-R,"Nov 10, 2022","Dec 06, 2026",,
,,CHEN-MA INTERNATIONAL MANPOWER SERVICES,,,,,,,,PH,Recruitment Agency,ph-workabroad,https://www.workabroad.ph/profile/agency/7094/chen-ma-international-manpower-services,DMW-610-LB-05082025-R,"Jul 22, 2021","Jul 21, 2031",,
,,CHESHAM RECRUITMENT INC.,,,,,,,,PH,Recruitment Agency,ph-workabroad,https://chesham.workabroad.ph/profile/agency/541/chesham,DMW-411-LB-08132024-R,"Jul 24, 2024","Jul 23, 2030",,
,,CHESNA MANPOWER SERVICES,,,,,,,,PH,Recruitment Agency,ph-workabroad,https://chesna.workabroad.ph/profile/agency/3930/chesna,POEA-194-LB-102715-R,"Nov 17, 2023","Nov 26, 2029",,
,,CIERTO AGENCIA PROFESIONALE INC,,,,,,,,PH,Recruitment Agency,ph-workabroad,https://cierto.workabroad.ph/profile/agency/7071/cierto,POEA-023-LB-052517-PL,"May 31, 2021","May 30, 2025",,
,,CINDERELLA INTERNATIONAL MANPOWER SERVICES CORP.,,,,,,,,PH,Recruitment Agency,ph-workabroad,https://www.workabroad.ph/profile/agency/6385/cinderella-international-manpower-services-corp,DMW-230-LB-12182023-R,"Dec 14, 2023","Dec 13, 2029",,
,,CIRRUS GLOBAL INC.,,,,,,,,PH,Recruitment Agency,ph-workabroad,https://cirrusglobal.workabroad.ph/profile/agency/6006/cirrusglobal,POEA-166-LB-091219-R,"Feb 05, 2024","Sep 15, 2029",,
,,COBIL RECRUITMENT & SERVICES CORP.,,,,,,,,PH,Recruitment Agency,ph-workabroad,https://cobil.workabroad.ph/profile/agency/1519/cobil,POEA-164-LB-091019-R,"Feb 27, 2024","Sep 25, 2029",,
,,COMPLEX INTERNATIONAL RECRUITMENT PHILIPPINES INC.,,,,,,,,PH,Recruitment Agency,ph-workabroad,https://www.workabroad.ph/profile/agency/8160/complex-international-recruitment-philippines-inc,DMW-024-LB-09232024-PL,"Sep 23, 2024","Sep 24, 2027",,
,,CONCORDE INTERNATIONAL HUMAN RESOURCE CORPORATION,,,,,,,,PH,Recruitment Agency,ph-workabroad,https://concorde.workabroad.ph/profile/agency/390/concorde,DMW-287-LB-02272024-R,"Apr 20, 2024","Apr 19, 2030",,
,,COUNTRYBEST INTERNATIONAL PLACEMENT CORPORATION,,,,,,,,PH,Recruitment Agency,ph-workabroad,https://www.workabroad.ph/profile/agency/942/countrybest-international-placement-corporation,POEA-073-LB-030918-R,"May 10, 2022","May 09, 2026",,
,,DELTAVIR OVERSEAS JOB PLACEMENT AND GENERAL SERVICES INC.,,,,,,,,PH,Recruitment Agency,ph-workabroad,https://deltavir.workabroad.ph/profile/agency/4479/deltavir,DMW-351-LB-05152024-R,"Mar 25, 2024","Mar 24, 2030",,
,,DESERTWEALTH INTERNATIONAL SERVICES CORPORATION,,,,,,,,PH,Recruitment Agency,ph-workabroad,https://desertwealth.workabroad.ph/profile/agency/3452/desertwealth,POEA-158-LB-091019-R,"Nov 09, 2023","Oct 25, 2029",,
,,DIAMOND OVERSEAS MANPOWER ENTERPRISES (DOME),,,,,,,,PH,Recruitment Agency,ph-workabroad,https://diamondoverseas.workabroad.ph/profile/agency/233/diamondoverseas,POEA-135-LB-071811-R,"Jul 22, 2023","Jul 10, 2027",,
,,DIMENSION-ALL MANPOWER INC (FOR. SUPERSONIC MANPOWER SERVICES CORPORATION),,,,,,,,PH,Recruitment Agency,ph-workabroad,https://dimensionall.workabroad.ph/profile/agency/2191/dimensionall,DMW-001-LB-03072023-R,"Dec 29, 2022","Mar 28, 2026",,
,,DLB INTERNATIONAL INC,,,,,,Manila,,PH,Recruitment Agency,ph-workabroad,https://dlbinternational.workabroad.ph/profile/agency/6460/dlbinternational,DMW-260-LB-02142024-R,"Mar 28, 2024","Mar 27, 2030",,"a commercial district in the heart of MANILA, and we are accessible to public conveyances, hotels, restaurants and amenities suitable for visiting principals and representatives"
,,DOHA INTERNATIONAL MANPOWER SERVICES CO.,,,,,,,,PH,Recruitment Agency,ph-workabroad,https://dohaenergy.workabroad.ph/profile/agency/5355/dohaenergy,POEA-115-LB-070715-R,"Jul 05, 2023","Jul 04, 2027",,
,,DOMINION OVERSEAS MGT. EURO-ASIA CORP. (DOMEC),,,,,,,,PH,Recruitment Agency,ph-workabroad,https://dominion.workabroad.ph/profile/agency/3783/dominion,POEA-106-LB-070419-R,"Nov 30, 2023","May 30, 2027",,
,,DREAM FORCE INTERNATIONAL MANPOWER SERVICES (FORMERLY: LYKA INTERNATIONAL MANPOWER SERVICES),,,,,,,,PH,Recruitment Agency,ph-workabroad,https://dreamforce.workabroad.ph/profile/agency/2763/dreamforce,POEA-016-LB-012816-R,"Feb 28, 2020","Mar 31, 2030",,
,,E-GMP INTERNATIONAL CORPORATION,,,,,,,,PH,Recruitment Agency,ph-workabroad,https://egmpintl.workabroad.ph/profile/agency/4528/egmpintl,DMW-232-LB-12212023-R,"Jan 08, 2024","Sep 23, 2029",,
,,EARTHSMART HUMAN RESOURCE PHILIPPINES INC.,,,,,,,,PH,Recruitment Agency,ph-workabroad,https://www.workabroad.ph/profile/agency/7040/earthsmart-human-resource-philippines-inc,DMW-643-LB-09052025-R,"Feb 18, 2025","Feb 27, 2031",,
,,"EAST WEST PLACEMENT CENTER, INC",,,,,,,,PH,Recruitment Agency,ph-workabroad,https://eastwest.workabroad.ph/profile/agency/2394/eastwest,POEA-198-LB-121322-R,"Jan 03, 2023","Jan 02, 2027",,
,,EASTERN POINT INTL MANPOWER CO,,,,,,,,PH,Recruitment Agency,ph-workabroad,https://easternpoint.workabroad.ph/profile/agency/7405/easternpoint,POEA-205-LB-121622-R,"Aug 06, 2022","Aug 05, 2026",,
,,EDI STAFFBUILDERS INTERNATIONAL INC (EDI),,,,https://www.edistaffbuilders.com,edistaffbuilders.com,,,PH,Recruitment Agency,ph-workabroad,https://edistaffbuilders.workabroad.ph/profile/agency/282/edistaffbuilders,POEA-040-LB-061914-PA,"Jun 21, 2014","Jun 20, 2026",,
,,EDMC OVERSEAS MANPOWER RECRUITMENT AGENCY CORPORATION,,,,,,,,PH,Recruitment Agency,ph-workabroad,https://www.workabroad.ph/profile/agency/8142/edmc-overseas-manpower-recruitment-agency-corporation,DMW-018-LB-05172024-PL,"Jul 17, 2024","May 16, 2027",,
,,ELEVO MANPOWER SERVICES CORP,,,,,,,,PH,Recruitment Agency,ph-workabroad,https://elevo.workabroad.ph/profile/agency/7232/elevo,POEA-039-LB-100317-PL,"Sep 09, 2022","Sep 28, 2025",,
,,EMS SERVICES INTERNATIONAL INC.,,,,,,,,PH,Recruitment Agency,ph-workabroad,https://emsservices.workabroad.ph/profile/agency/7446/emsservices,DMW-403-LB-08072024-R,"Dec 17, 2022","Dec 16, 2026",,
,,ERRX RECRUITMENT CONSULTING,,,,,,,,PH,Recruitment Agency,ph-workabroad,https://errxrecruitment.workabroad.ph/profile/agency/6399/errxrecruitment,POEA-196-LB-121222-R,"Aug 15, 2022","Aug 14, 2026",,
,,EURASIAMQUEST INC. (NEW),,,,,,,,PH,Recruitment Agency,ph-workabroad,https://eurasiamquest.workabroad.ph/profile/agency/6495/eurasiamquest,POEA-207-LB-092016-R,,,,
,,EUROASIA PHILIPPINES INC.,,,,,,,,PH,Recruitment Agency,ph-workabroad,https://euroasia.workabroad.ph/profile/agency/1569/euroasia,POEA-136-LB-042816-R,"Apr 12, 2022","May 17, 2030",,
,,EVERLAST INTERNATIONAL PLACEMENTS INC.,,,,,,,,PH,Recruitment Agency,ph-workabroad,https://everlast.workabroad.ph/profile/agency/6094/everlast,POEA-148-LB-090120-R,"Sep 11, 2020","May 27, 2029",,
,,EYEQUEST INTERNATIONAL MANPOWER SERVICES INCORPORATED,,,,https://www.eqmanpower.com,eqmanpower.com,,,PH,Recruitment Agency,ph-workabroad,https://eyequest.workabroad.ph/profile/agency/816/eyequest,DMW-141-LB-07252023-R,"Jul 31, 2023","Aug 31, 2029",,
,,F.I.R. INTERNATIONAL SERVICE CORPORATION,,,,,,,,PH,Recruitment Agency,ph-workabroad,https://firrecruitment.workabroad.ph/profile/agency/2354/firrecruitment,POEA-101-LB-062520-R,"Apr 29, 2024","May 23, 2030",,
,,F4E HEALTHCAREFORCE INTERNATIONAL INC,,,,,,,,PH,Recruitment Agency,ph-workabroad,https://www.workabroad.ph/profile/agency/8091/f4e-healthcareforce-international-inc,DMW-001-LB-05082023-PLe,"Mar 01, 2025","Feb 28, 2026",,
,,FAASI INTERNATIONAL CORPORATION - MANILA BRANCH,,,,,,,,PH,Recruitment Agency,ph-workabroad,https://faasimanila.workabroad.ph/profile/agency/6633/faasimanila,POEA-181-LB-110520-R,"May 02, 2021","May 14, 2030",,
,,FEDERAL OVERSEAS MANPOWER INC.(FORMERLY LAVANDER INTERNATIONAL MANPOWER SERVICES),,,,,,,,PH,Recruitment Agency,ph-workabroad,https://federaloverseas.workabroad.ph/profile/agency/5120/federaloverseas,DMW-246-LB-01022024-R,"Sep 26, 2023","Sep 25, 2029",,
,,FERRAND HUMAN RESOURCES INTERNATIONAL,,,,,,,,PH,Recruitment Agency,ph-workabroad,https://ferrand.workabroad.ph/profile/agency/6462/ferrand,POEA-175-LB-112222-R,"Jan 07, 2023","Jan 06, 2027",,
,,FGS EAST ASIA TECHNICAL RESOURCE MANAGEMENT INC,,,,,,,,PH,Recruitment Agency,ph-workabroad,https://fgseast.workabroad.ph/profile/agency/6965/fgseast,DMW-461-LB-10182024-R,"Oct 18, 2024","Nov 17, 2030",,
,,FIL-DEPLOY MANPOWER SERVICES CORPORATION (FORMERLY: JEJ INTERNATIONAL MANPOWER SERVICES),,,,,,,,PH,Recruitment Agency,ph-workabroad,https://www.workabroad.ph/profile/agency/2575/fil-deploy-manpower-services-corporation-formerly-jej-international-manpower-services,DMW-402-LB-07262024-R,"May 13, 2024","May 12, 2030",,
,,"FIL-EXPAT PLACEMENT AGENCY, INC",,,,,,,,PH,Recruitment Agency,ph-workabroad,https://filexpat.workabroad.ph/profile/agency/5226/filexpat,POEA-110-LB-070419-R,"Jul 22, 2023","Jul 01, 2027",,
,,"FIL-GULF MANPOWER AND GENERAL SERVICES, INC.",,,,,,,,PH,Recruitment Agency,ph-workabroad,https://filgulf.workabroad.ph/profile/agency/3807/filgulf,DMW-100-LB-05292023-R,,,,
,,"FIL-SINO MANPOWER SERVICES, INC.",,,,,,,,PH,Recruitment Agency,ph-workabroad,https://filsino.workabroad.ph/profile/agency/465/filsino,POEA-074-LB-081222-R,"Aug 31, 2022","Aug 30, 2026",,
,,"FILIPINAS-GLOBAL MULTI-SERVICES, INC.",,,,,,,,PH,Recruitment Agency,ph-workabroad,https://filipinasglobal.workabroad.ph/profile/agency/6819/filipinasglobal,DMW-018-LB-03072023-R,"Jul 15, 2022","Jul 14, 2026",,
,,"FINDSTAFF PLACEMENT SERVICES, INC.",,,,,,,,PH,Recruitment Agency,ph-workabroad,https://findstaff.workabroad.ph/profile/agency/190/findstaff,POEA-165-LB-100620-R,"Oct 03, 2020","Oct 02, 2030",,
,,"FINEST ASIA RESOURCES, INC.",,,,,,,,PH,Recruitment Agency,ph-workabroad,https://finestasia.workabroad.ph/profile/agency/457/finestasia,POEA-033-LB-022020-R,"Mar 08, 2020","Mar 07, 2030",,
,,FLUOR MANPOWER AGENCY INC,,,,,,,,PH,Recruitment Agency,ph-workabroad,https://fluor.workabroad.ph/profile/agency/7352/fluor,POEA-010-LB-020722-R,"Dec 17, 2025","Apr 16, 2026",,
,,FMW HUMAN RESOURCES INTERNATIONAL CORPORATION,,,,,,,,PH,Recruitment Agency,ph-workabroad,https://fmw.workabroad.ph/profile/agency/163/fmw,DMW-042-LB-03072023-R,"Mar 06, 2023","Mar 23, 2027",,
,,FOCUS INTERNATIONAL MANPOWER SERVICES,,,,,,,,PH,Recruitment Agency,ph-workabroad,https://focus.workabroad.ph/profile/agency/434/focus,DMW-111-LB-06092023-R,"Jul 01, 2023","Jun 30, 2027",,
,,"FOREIGN MANPOWER SERVICES, INC.",,,,,,,,PH,Recruitment Agency,ph-workabroad,https://foreignmanpower.workabroad.ph/profile/agency/2519/foreignmanpower,POEA-087-LB-081722-R,,,,
,,G & M (PHIL) INC.,,,,,,,,PH,Recruitment Agency,ph-workabroad,https://www.workabroad.ph/profile/agency/1177/g-m-phil-inc,POEA-130-LB-100322-R,"Sep 13, 2022","Sep 12, 2026",,
,,GATCHALIAN PROMOTION TALENTS POOL INC,,,,,,,,PH,Recruitment Agency,ph-workabroad,https://www.workabroad.ph/profile/agency/6136/gatchalian-promotion-talents-pool-inc,DMW-186-LB-10062023-R,"Nov 20, 2023","Nov 19, 2029",,
,,"GBMLT MANPOWER SERVICES, INC.",,,,,,,,PH,Recruitment Agency,ph-workabroad,https://gbmlt.workabroad.ph/profile/agency/988/gbmlt,POEA-125-LB-072320-R,"Oct 16, 2024","May 13, 2030",,
,,GCC INTERNATIONAL MANPOWER AGENCY,,,,,,,,PH,Recruitment Agency,ph-workabroad,https://gccintl.workabroad.ph/profile/agency/7423/gccintl,POEA-132-LB-100422-R,"Oct 10, 2022","Sep 11, 2026",,
,,"GEO SPHERE RECRUITMENT PHILIPPINES, INC.",,,,,,,,PH,Recruitment Agency,ph-workabroad,https://geosphere.workabroad.ph/profile/agency/4391/geosphere,POEA-105-LB-090822-R,"Aug 03, 2022","Aug 02, 2026",,
,,GERICO,,,,,,,,PH,Recruitment Agency,ph-workabroad,https://www.workabroad.ph/profile/agency/8167/gerico,123123123123,,,,
,,GFI MANPOWER INTERNATIONAL SPECIALIST,,,,,,,,PH,Recruitment Agency,ph-workabroad,https://gfimanpower.workabroad.ph/profile/agency/328/gfimanpower,DMW-266-LB-02162024-R,"Jan 25, 2024","Jan 24, 2030",,
,,"GIANT INTERNATIONAL EMPLOYMENT AGENCY, INC.",,,,,,,,PH,Recruitment Agency,ph-workabroad,https://giantintl.workabroad.ph/profile/agency/3546/giantintl,POEA-127-LB-062818-R,"Jul 14, 2022","Jul 25, 2026",,
,,GLOBAL HOSPITALITY PLACEMENT AGENCY PHILIPPINES CORPORATION,,,,,,,,PH,Recruitment Agency,ph-workabroad,https://globalhospitality.workabroad.ph/profile/agency/5930/globalhospitality,POEA-002-LB-012315-PL,"Feb 08, 2023","Jan 30, 2027",,
,,GLOBAL PROFESSIONAL RESOURCES PHIL INC.,,,,,,,,PH,Recruitment Agency,ph-workabroad,https://globalpro.workabroad.ph/profile/agency/1812/globalpro,DMW-674-LB-11202025-R,"Sep 20, 2025","Sep 19, 2031",,
,,GLOBAL PROFESSIONAL RESOURCES PHIL. INCORPORATION,,,,,,,,PH,Recruitment Agency,ph-workabroad,https://globalprofessional.workabroad.ph/profile/agency/6288/globalprofessional,POEA-82-LB-121621-R,"Dec 22, 2025","Sep 19, 2031",,
,,GLOBAL RESOURCE FOR OUTSOURCED WORKERS INCORPORATED (GROW INC),,,,,,,,PH,Recruitment Agency,ph-workabroad,https://www.workabroad.ph/profile/agency/7058/global-resource-for-outsourced-workers-incorporated-grow-inc,DMW-190-LB-10172023-R,"Oct 30, 2022","Oct 29, 2028",,
,,GLOBAL-EXPERTISE MANAGEMENT INC (FORMERLY ALMASURA INTERNATIONAL MANPOWER),,,,,,,,PH,Recruitment Agency,ph-workabroad,https://globalexpertise.workabroad.ph/profile/agency/1165/globalexpertise,POEA-085-LB-122221-R,"Oct 20, 2022","Dec 09, 2025",,
,,GLOBALSUCCESS OVERSEAS EMPLOYMENT SERVICES,,,,https://www.gsjobs.com.ph,gsjobs.com.ph,,,PH,Recruitment Agency,ph-workabroad,https://globalsuccess.workabroad.ph/profile/agency/7910/globalsuccess,DMW-033-LB-06262024-UL,"Jul 28, 2022","Jul 27, 2026",,
,,"GLOBPHIL MANPOWER SERVICES, INC.",,,,,,,,PH,Recruitment Agency,ph-workabroad,https://globphil.workabroad.ph/profile/agency/2967/globphil,POEA-090-LB-061820-R,"May 29, 2020","May 28, 2030",,
,,GOLDEN CHI INTERNATIONAL MANPOWER CO.,,,,,,,,PH,Recruitment Agency,ph-workabroad,https://goldenchi.workabroad.ph/profile/agency/7456/goldenchi,POEA-004-LB-020119-PL,"Feb 21, 2023","Jan 29, 2027",,
,,"GOLDEN LEGACY JOBMOVERS, CORP.",,,,,,,,PH,Recruitment Agency,ph-workabroad,https://goldenlegacymain.workabroad.ph/profile/agency/5628/goldenlegacymain,DMW-215-LB-11212023-R,"Jan 05, 2024","Jan 04, 2030",,
,,GOLDEN RAMMAD INTERNATIONAL MANPOWER SERVICES,,,,,,,,PH,Recruitment Agency,ph-workabroad,https://goldenrammad.workabroad.ph/profile/agency/380/goldenrammad,DMW-214-LB-11242023-R,,,,
,,"GOOD DAY RECRUITMENT, INC.",,,,,,,,PH,Recruitment Agency,ph-workabroad,https://goodday.workabroad.ph/profile/agency/1173/goodday,poea-166-lb-111122-r,"Jun 10, 2022","Jun 09, 2026",,
,,GRAND PLACEMENT & GENERAL SERVICES CORP.,,,,,,,,PH,Recruitment Agency,ph-workabroad,https://grandplacement.workabroad.ph/profile/agency/811/grandplacement,DMW-379-LB-06142024-R,"Jun 25, 2024","Jun 24, 2030",,
,,"GRANDER EMPLOYMENT & MANPOWER SERVICES, INC.",,,,,,,,PH,Recruitment Agency,ph-workabroad,https://grander.workabroad.ph/profile/agency/479/grander,DMW-139-LB-07252023-R,"Jun 21, 2023","Jun 20, 2027",,
,,"GREAT WAYS MANPOWER INTERNATIONAL, INC.",,,,,,,,PH,Recruitment Agency,ph-workabroad,https://greatways.workabroad.ph/profile/agency/897/greatways,DMW-147-LB-07272023-R,"Aug 08, 2023","Dec 13, 2026",,
,,GREENEARTH GLOBAL RESOURCES SERVICES INC.,,,,,,,,PH,Recruitment Agency,ph-workabroad,https://greenearth.workabroad.ph/profile/agency/6204/greenearth,POEA-083-LB-122221-R,"Nov 06, 2021","Nov 05, 2025",,
,,"GREENFIELDS INTERNATIONAL MANPOWER SERVICES, INC.",,,(074)4438419(074),https://www.greenfieldsmanpower.comIloilo,greenfieldsmanpower.comiloilo,Manila,,PH,Recruitment Agency,ph-workabroad,https://greenfields.workabroad.ph/profile/agency/2304/greenfields,POEA-047-LB-030419-R,"Jun 02, 2023","Apr 15, 2027",,
,,GREENLAND OVERSEAS MANPOWER SERVICES CO.,,,,,,,,PH,Recruitment Agency,ph-workabroad,https://greenland.workabroad.ph/profile/agency/7457/greenland,DMW-055-LB-03232023-R,"Jan 25, 2023","Jan 24, 2027",,
,,GULF ASIA INTERNATIONAL CORPORATION,,,,,,,,PH,Recruitment Agency,ph-workabroad,https://gulfasia.workabroad.ph/profile/agency/231/gulfasia,POEA-107-LB-091222-R,"Aug 07, 2022","Aug 06, 2026",,
,,GULF HORIZON INTERNATIONAL SERVICES INC.,,,,,,Davao,,PH,Recruitment Agency,ph-workabroad,https://gulfhorizon.workabroad.ph/profile/agency/227/gulfhorizon,POEA-169-LB-092019-R,"Sep 04, 2023","Sep 03, 2029",,
,,H.M.O. INTERNATIONAL HUMAN RESOURCES,,,,,,,,PH,Recruitment Agency,ph-workabroad,https://hmointernational.workabroad.ph/profile/agency/1203/hmointernational,POEA-122-LB-062118-R,"Oct 13, 2022","Jul 28, 2026",,
,,HARD EARNED OPPORTUNITIES INC.,,,,,,,,PH,Recruitment Agency,ph-workabroad,https://hardearned.workabroad.ph/profile/agency/7234/hardearned,POEA-038-LB-100317-PL,"Jul 01, 2022","Sep 28, 2025",,
,,HAVANA INT`L RESOURCES AGENCY CO.,,,,,,,,PH,Recruitment Agency,ph-workabroad,https://havanaintl.workabroad.ph/profile/agency/6824/havanaintl,DMW-428-LB-09042024-R,"Apr 26, 2024","Apr 25, 2030",,
,,HAVILLAH INTERNATIONAL MANPOWER SERVICES INC.,,,,,,,,PH,Recruitment Agency,ph-workabroad,https://havillah.workabroad.ph/profile/agency/6551/havillah,DMW-053-LB-03202023-R,"Mar 13, 2023","Mar 12, 2027",,
,,HAYYA INTERNATIONAL SERVICES CORPORATION,,,,,,Makati,,PH,Recruitment Agency,ph-workabroad,https://hayya.workabroad.ph/profile/agency/3900/hayya,POEA-162-LB-110422-R,"Dec 16, 2022","Dec 15, 2026",,"the heart of Makati City, the Philippine’s premier financial and commercial district"
,,HEALTH CAROUSEL PHILIPPINES INC.,,,,https://healthcarousel.ph/,healthcarousel.ph,,,PH,Recruitment Agency,ph-workabroad,https://healthcarousel.workabroad.ph/profile/agency/3551/healthcarousel,POEA-098-LB-090522-R,"Oct 17, 2022","Oct 16, 2026",,
,,HIRO GLOBAL MANPOWER INC,,,,,,,,PH,Recruitment Agency,ph-workabroad,https://hiroglobal.workabroad.ph/profile/agency/3029/hiroglobal,DMW-228LBB-12212023-R,,,,
,,"HOPEWELL OVERSEAS MANPOWER NETWORK, INC.",,,,,,Manila,,PH,Recruitment Agency,ph-workabroad,https://hopewell.workabroad.ph/profile/agency/1367/hopewell,POEA-149-LB-07312023-R,"Aug 11, 2023","Aug 10, 2029",,
,,HORIZON RECRUITMENT PACIFIC CORPORATION,,,,,,,,PH,Recruitment Agency,ph-workabroad,https://horizonrecruitment.workabroad.ph/profile/agency/160/horizonrecruitment,DMW-205-LB-11152023-R,"Sep 04, 2023","Sep 03, 2029",,
,,"HRD EMPLOYMENT CONSULTANTS & MULTI-SERVICES, INC.",,,,,,,,PH,Recruitment Agency,ph-workabroad,https://hrdemployment.workabroad.ph/profile/agency/474/hrdemployment,POEA-038-LB-061314-R,"Jul 12, 2022","Jul 07, 2026",,
,,"HUMANIA INTERNATIONAL, INC.",,,,,,Manila,,PH,Recruitment Agency,ph-workabroad,https://humania.workabroad.ph/profile/agency/1270/humania,POEA-169-LB-111522-R,"Dec 15, 2022","Dec 14, 2026",,
,,ICON-NEGI PH INC.,,,,,,,,PH,Recruitment Agency,ph-workabroad,https://www.workabroad.ph/profile/agency/8208/icon-negi-ph-inc,DMW-002-LB-10112023-PL,"Oct 11, 2023","Oct 10, 2026",,
,,IDEAL PLACEMENT AND MANPOWER SERVICES INC.,,,,,,,,PH,Recruitment Agency,ph-workabroad,https://idealplacement.workabroad.ph/profile/agency/1511/idealplacement,POEA-044-LB-031615-R,"Aug 23, 2023","Apr 17, 2027",,
,,IKON SOLUTIONS ASIA,,,,,,,,PH,Recruitment Agency,ph-workabroad,https://ikon.workabroad.ph/profile/agency/3640/ikon,POEA-002-LB-010421-R,"Dec 20, 2024","Jan 12, 2031",,
,,"IMES GLOBAL, INC.",,,,,,,,PH,Recruitment Agency,ph-workabroad,https://imesglobal.workabroad.ph/profile/agency/2650/imesglobal,POEA-189-LB-120720-R,"Apr 19, 2021","Jun 18, 2030",,
,,"INDUSTRIAL, PERSONNEL, AND MANAGEMENT SERVICES, INC. (IPAMS)",,,,,,,,PH,Recruitment Agency,ph-workabroad,https://ipams.workabroad.ph/profile/agency/850/ipams,DMW-001-LB-01102024-PA,"Apr 12, 2024","Apr 11, 2036",,
,,INSANA INTL PLACEMENT AGENCY INC.,,,,,,,,PH,Recruitment Agency,ph-workabroad,https://www.workabroad.ph/profile/agency/5813/insana-intl-placement-agency-inc,POEA-038-LB-03072023-R,"Apr 18, 2024","Feb 14, 2027",,
,,"INTERASIA OUTSOURCE, INC.",,,,,,,,PH,Recruitment Agency,ph-workabroad,https://interasia.workabroad.ph/profile/agency/1746/interasia,POEA-096-LB-061615-R,"Jun 23, 2023","Jun 19, 2027",,
,,"INTERNATIONAL PROGRESS, INC.",,,,,,,,PH,Recruitment Agency,ph-workabroad,https://intlprogress.workabroad.ph/profile/agency/1937/intlprogress,POEA-125-LB-092822-R,"Nov 08, 2022","Aug 26, 2026",,
,,"INTERNATIONAL SKILL DEVELOPMENT, INC.",,,,,,,,PH,Recruitment Agency,ph-workabroad,https://www.workabroad.ph/profile/agency/678/international-skill-development-inc,POEA-108-LB-062515-R-PAE,"Oct 29, 2019","Oct 28, 2031",,
,,IPEOPLE MANPOWER RESOURCES INC,,,,,,,,PH,Recruitment Agency,ph-workabroad,https://ipeople.workabroad.ph/profile/agency/2338/ipeople,DMW-130-LB-07132023-R,"Dec 05, 2023","Jun 14, 2027",,
,,J-M-H INTERNATIONAL MANPOWER AGENCY CO,,,,,,,,PH,Recruitment Agency,ph-workabroad,https://jmhinternational.workabroad.ph/profile/agency/6808/jmhinternational,DMW-436-LB-09052024-R,"Jul 04, 2024","Jul 03, 2030",,
,,J-MAC INTERNATIONAL MANPOWER AGENCY,,,,,,,,PH,Recruitment Agency,ph-workabroad,https://jmac.workabroad.ph/profile/agency/2660/jmac,POEA-027-LB-051810-R,"Jan 20, 2023","May 16, 2026",,
,,"JAD+GTC MANPOWER SUPPLY & SERVICES, INC.",,,,,,,,PH,Recruitment Agency,ph-workabroad,https://jadgtc.workabroad.ph/profile/agency/1175/jadgtc,DMW-639-LB-08272025-R,"Sep 25, 2025","Oct 25, 2031",,
,,JAFF`S INTL. MANPOWER SERVICES CORP.,,,,,,,,PH,Recruitment Agency,ph-workabroad,https://www.workabroad.ph/profile/agency/8377/jaffs-intl-manpower-services-corp,DMW-011-LB-03182024-PL,"Apr 24, 2024","Mar 11, 2027",,
,,JB INTERNATIONAL MANPOWER SERVICES CORP.,,,,,,Makati,,PH,Recruitment Agency,ph-workabroad,https://jbinternational.workabroad.ph/profile/agency/2081/jbinternational,POEA-060-LB-031120-R,"May 09, 2024","Mar 07, 2030",,
,,JCJ MANAGEMENT SERVICES & INTERNATIONAL PROMOTION,,,,,,,,PH,Recruitment Agency,ph-workabroad,https://jcjmsip.workabroad.ph/profile/agency/5127/jcjmsip,POEA-143-LB-081815-R,"Aug 23, 2022","Sep 04, 2029",,
,,"JEDEGAL INT`L MANPOWER SERVICES, INCORPORATED",,,,,,,,PH,Recruitment Agency,ph-workabroad,https://jedegal.workabroad.ph/profile/agency/1071/jedegal,DMW-166-LB-09042023-R,"Oct 28, 2023","Oct 27, 2029",,
,,"JEDI PLACEMENT AGENCY, INC.",,,,,,,,PH,Recruitment Agency,ph-workabroad,https://jedi.workabroad.ph/profile/agency/5318/jedi,POEA-149-LB-100814-R,,,,
,,"JEMSTONE GLOBAL RECRUITMENT AGENCY COMPANY, INC.",,,,,,,,PH,Recruitment Agency,ph-workabroad,https://www.workabroad.ph/profile/agency/757/jemstone-global-recruitment-agency-company-inc,DMW-272-LB-02222024-R,"Sep 22, 2021","Sep 21, 2025",,
,,JENERICK INTERNATIONAL MANPOWER INC.,,,,,,,,PH,Recruitment Agency,ph-workabroad,https://jenerick.workabroad.ph/profile/agency/1353/jenerick,POEA-156-LB-080618-R,"Dec 20, 2024","Sep 04, 2026",,
,,JEZEM MANPOWER AGENCY INC.,,,,,,,,PH,Recruitment Agency,ph-workabroad,https://www.workabroad.ph/profile/agency/7484/jezem-manpower-agency-inc,DMW-182-LB-10022023-R,"Jun 05, 2024","Jun 04, 2030",,
,,"JGB ASSOCIATES, INC.",,,,,,,,PH,Recruitment Agency,ph-workabroad,https://www.workabroad.ph/profile/agency/5237/jgb-associates-inc,POEA-174-LB-112122-R,"Jul 29, 2022","Jul 28, 2026",,
,,JING INTERNATIONAL PLACEMENT AND PROMOTION SERVICES INC,,,,,,,,PH,Recruitment Agency,ph-workabroad,https://jinginternational.workabroad.ph/profile/agency/5938/jinginternational,POEA-115-LB-090319-R,"Sep 13, 2023","Jun 19, 2027",,
,,JJHAM INTERNATIONAL RECRUITMENT AGENCY INC.,,,,,,,,PH,Recruitment Agency,ph-workabroad,https://jjham.workabroad.ph/profile/agency/7681/jjham,POEA-217-LB-122322-R,"Jan 06, 2021","Jan 05, 2031",,
,,JJS INTERNATIONAL PLACEMENT AGENCY,,,,,,,,PH,Recruitment Agency,ph-workabroad,https://www.workabroad.ph/profile/agency/7566/jjs-international-placement-agency,POEA-022-LB-111319-PL,"Feb 20, 2024","Nov 06, 2029",,
,,JM INTERNATIONAL INC,,,,,,,,PH,Recruitment Agency,ph-workabroad,https://jminternational.workabroad.ph/profile/agency/2136/jminternational,DMW–354-LB-05212024–R,"Jun 06, 2024","Apr 03, 2030",,
,,JOBLANE INTERNATIONAL MANPOWER SERVICES,,,,,,,,PH,Recruitment Agency,ph-workabroad,https://joblane.workabroad.ph/profile/agency/2751/joblane,DMW-418-LB-08132024-R,"Sep 10, 2023","Sep 09, 2029",,
,,"JOBSCONNECT MANPOWER AGENCY, INC.",,,,,,,,PH,Recruitment Agency,ph-workabroad,https://jobsconnect.workabroad.ph/profile/agency/6334/jobsconnect,POEA-090-LB-082622-R,"Sep 23, 2022","Oct 25, 2025",,
,,JOBSMANILA INTERNATIONAL INC.,,,,,,Manila,,PH,Recruitment Agency,ph-workabroad,https://jobsmanila.workabroad.ph/profile/agency/3470/jobsmanila,POEA-218-LB-120415-R,"Mar 04, 2024","Nov 28, 2029",,
,,JOPMAN CORPORATION,,,,,,,,PH,Recruitment Agency,ph-workabroad,https://jopman.workabroad.ph/profile/agency/538/jopman,DMW-027-LB-03072023-R,"Jan 08, 2023","Jan 07, 2027",,
,,JOSELINE INTERNATIONAL MANPOWER CORPORATION (FORMERLY PARAS ENTERPRISES),,,,,,,,PH,Recruitment Agency,ph-workabroad,https://www.workabroad.ph/profile/agency/5653/joseline-international-manpower-corporation-formerly-paras-enterprises,POEA-137-LB-071318-R,"Mar 02, 2023","Aug 06, 2026",,
,,JPM88 INTL MANPOWER SERVICES CORP.,,,,,,,,PH,Recruitment Agency,ph-workabroad,https://jpm88intl.workabroad.ph/profile/agency/7227/jpm88intl,POEA-063-LB-100521-R,"Oct 06, 2021","Sep 05, 2025",,
,,"JS CONTRACTOR, INC.",,,,,,,,PH,Recruitment Agency,ph-workabroad,https://jscontractor.workabroad.ph/profile/agency/45/jscontractor,POEA-056-LB-031020-R,"Mar 20, 2024","Mar 07, 2030",,
,,JTC INTERNATIONAL MANPOWER SERVICES INC,,,,,,,,PH,Recruitment Agency,ph-workabroad,https://www.workabroad.ph/profile/agency/5032/jtc-international-manpower-services-inc,DMW-262-LB-01242024-R,"Feb 01, 2024","Jan 31, 2030",,
,,JUAN SMART MANPOWER PHILS.CO.,,,,,,,,PH,Recruitment Agency,ph-workabroad,https://www.workabroad.ph/profile/agency/6974/juan-smart-manpower-philsco,POEA-178-LB-102920-R,"Nov 18, 2020","Nov 22, 2030",,
,,KENMORE INTERNATIONAL PLACEMENT AGENCY,,,,,,,,PH,Recruitment Agency,ph-workabroad,https://kenmoreintl.workabroad.ph/profile/agency/3310/kenmoreintl,POEA-067-LB-071422-R,"Aug 20, 2022","Aug 19, 2026",,
,,KEYS PLACEMENT INC.,,,,,,,,PH,Recruitment Agency,ph-workabroad,https://keysplacement.workabroad.ph/profile/agency/865/keysplacement,POEA-122-LB-092222-R,"Sep 15, 2022","Sep 14, 2026",,
,,KYR INTERNATIONAL MANPOWER SERVICES,,,,,,,,PH,Recruitment Agency,ph-workabroad,https://kyrintl.workabroad.ph/profile/agency/2386/kyrintl,DMW-085-LB-05052023-R,"May 18, 2023","May 07, 2027",,
,,L.C. MANPOWER EXPERTISE CORPORATION,,,,,,,,PH,Recruitment Agency,ph-workabroad,https://lcmanpower.workabroad.ph/profile/agency/3712/lcmanpower,POEA-078-LB-081222-R,"Sep 25, 2022","Sep 24, 2026",,
,,LANDBASE HUMAN RESOURCES COMPANY,,,,,,,,PH,Recruitment Agency,ph-workabroad,https://landbasehuman.workabroad.ph/profile/agency/1324/landbasehuman,POEA-230-LB-112215-R,"Feb 20, 2024","Jan 24, 2030",,
,,LAU` MEL INTERNATIONAL STAFFING SERVICES INCORPORATED,,,,,,,,PH,Recruitment Agency,ph-workabroad,https://laumel.workabroad.ph/profile/agency/2219/laumel,POEA-111-LB-070220-R,"Oct 08, 2024","May 31, 2030",,
,,LBS RECRUITMENT SOLUTIONS CORPORATION,,,,,,,,PH,Recruitment Agency,ph-workabroad,https://lbs.workabroad.ph/profile/agency/5943/lbs,DMW-216-LB-11222023-R,"Nov 07, 2023","Nov 06, 2029",,
,,LEADING INTERNATIONAL RECRUITMENT (LINRCO) CORP (FORMERLY LWV CORPORATION),,,,,,,,PH,Recruitment Agency,ph-workabroad,https://linrco.workabroad.ph/profile/agency/1008/linrco,DMW-066-LB-03312023-R,"Apr 05, 2023","Apr 04, 2027",,
,,"LIFELINKS INTERNATIONAL RESOURCES, INC.",,,,,,,,PH,Recruitment Agency,ph-workabroad,https://lifelinks.workabroad.ph/profile/agency/3704/lifelinks,DMW-431-LB-09042024-R,"Feb 20, 2020","Feb 19, 2030",,
,,LIGHT AND HOPE OVERSEAS PLACEMENT AGENCY,,,,,,,,PH,Recruitment Agency,ph-workabroad,https://lightandhope.workabroad.ph/profile/agency/158/lightandhope,POEA-009-LB-011516-R,"Sep 06, 2024","Feb 06, 2030",,
,,LINK ASIA MANPOWER SOLUTIONS CORP,,,,,,,,PH,Recruitment Agency,ph-workabroad,https://www.workabroad.ph/profile/agency/1209/link-asia-manpower-solutions-corp,DMW-067-LB-03312023-R,"Nov 17, 2022","Nov 16, 2026",,
,,"LNS INTL. MANPOWER AGENCY, INC.",,,,,,,,PH,Recruitment Agency,ph-workabroad,https://www.workabroad.ph/profile/agency/3858/lns-intl-manpower-agency-inc,DMW-389-LB-07012024-R,"Apr 11, 2024","Apr 10, 2030",,
,,"LOG INTERNATIONAL HR & RECRUITMENT AGENCY, INC.",,,,,,,,PH,Recruitment Agency,ph-workabroad,https://logintl.workabroad.ph/profile/agency/6291/logintl,POEA-066-LB-020918-R,"Oct 17, 2022","Apr 22, 2026",,
,,LONG TERM RECRUITING & DEVELOPMENT CORP.,,,,,,,,PH,Recruitment Agency,ph-workabroad,https://longterm.workabroad.ph/profile/agency/2022/longterm,POEA-092-LB-082622-R,,,,
,,LRC MANPOWER SERVICES INTERNATIONALE,,,,,,,,PH,Recruitment Agency,ph-workabroad,https://lrcmanpower.workabroad.ph/profile/agency/4279/lrcmanpower,DMW-311-LB-04252024-R,"Feb 09, 2024","Feb 08, 2030",,
,,LUXURY & JP INTERNATIONAL CORPORATION,,,,,,,,PH,Recruitment Agency,ph-workabroad,https://luxurynjpintlcorp.workabroad.ph/profile/agency/4449/luxurynjpintlcorp,DMW-156-LB-08102023-R,"Sep 10, 2023","Sep 09, 2029",,
,,M & J RESOURCES MANPOWER SERVICES INC,,,,,,,,PH,Recruitment Agency,ph-workabroad,https://mjresources.workabroad.ph/profile/agency/3189/mjresources,DMW-381-LB-06212024-R,"Jun 18, 2024","Jun 17, 2030",,
,,M.R.C. PROMOTION & MANAGEMENT,,,,,,,,PH,Recruitment Agency,ph-workabroad,https://www.workabroad.ph/profile/agency/1481/mrc-promotion-management,DMW-043-LB-03072023-R,"Jan 09, 2022","Jan 09, 2027",,
,,MAANYAG INT'L MANPOWER CORP.,,,,,,,,PH,Recruitment Agency,ph-workabroad,https://www.workabroad.ph/profile/agency/5932/maanyag-intl-manpower-corp,DMW-339-LB-04252024-R,"May 15, 2024","Mar 05, 2030",,
,,MAB INTERNATIONAL SERVICES INC,,,,https://www.mabintlservicesph.com,mabintlservicesph.com,Quezon City,,PH,Recruitment Agency,ph-workabroad,https://www.workabroad.ph/profile/agency/1315/mab-international-services-inc,POEA-042-LB-101713-R,"Oct 15, 2021","Oct 14, 2025",,
,,MABUHAY PERSONNEL & MANAGEMENT SERVICES INC,,,,,,,,PH,Recruitment Agency,ph-workabroad,https://mabuhay.workabroad.ph/profile/agency/151/mabuhay,POEA-142-LB-071818-R,"Jul 14, 2022","Aug 09, 2026",,
,,"MAGSAYSAY GLOBAL SERVICES, INC.",,,,,,,,PH,Recruitment Agency,ph-workabroad,https://magsaysayglobal.workabroad.ph/profile/agency/1208/magsaysayglobal,POEA-069-LB-072622-R,"Mar 18, 2022","Mar 17, 2026",,
,,"MANILA INTERNATIONAL RECRUITMENT SERVICES, INC.",,,,,,Manila,,PH,Recruitment Agency,ph-workabroad,https://www.workabroad.ph/profile/agency/3986/manila-international-recruitment-services-inc,POEA-214-LB-112919-R,"Oct 30, 2024","Nov 07, 2029",,
,,MANILA ON-TIME EXPRESS MANPOWER INC,,,,,,,,PH,Recruitment Agency,ph-workabroad,https://manilaontime.workabroad.ph/profile/agency/7045/manilaontime,POEA-010-LB-011821-R,"Feb 08, 2021","Feb 07, 2031",,
,,MANPOWER RESOURCES OF ASIA INC.,,,,,,,,PH,Recruitment Agency,ph-workabroad,https://manpowerasia.workabroad.ph/profile/agency/2120/manpowerasia,POEA-040-LB-062722-PA,"Jul 12, 2022","Jul 11, 2034",,
,,MARAFE INT'L. MANPOWER SERVICES INC. (FORMERLY: S & D MANPOWER SERVICES INC.),,,,,,,,PH,Recruitment Agency,ph-workabroad,https://sndmanpower.workabroad.ph/profile/agency/1323/sndmanpower,POEA-062-LB-040219-R,"Feb 21, 2023","Feb 07, 2027",,
,,MARIPOSA INTERNATIONAL SERVICES CO.,,,,,,,,PH,Recruitment Agency,ph-workabroad,https://mariposa.workabroad.ph/profile/agency/2126/mariposa,POEA-128-LB-092922-R,"Oct 09, 2022","Oct 08, 2026",,
,,MAX SUPPORT INC.,,,,,,,,PH,Recruitment Agency,ph-workabroad,https://www.workabroad.ph/profile/agency/7458/max-support-inc,DMW-458-LB-10152024-R,"Feb 06, 2023","Feb 05, 2027",,
,,MBC HUMAN RESOURCES DEVELOPMENT CORPORATION,,,,,,,,PH,Recruitment Agency,ph-workabroad,https://mbcresources.workabroad.ph/profile/agency/846/mbcresources,POEA-039-LB-060210-R,"Jul 15, 2022","Jun 03, 2026",,
,,MEC INTERNATIONAL MANPOWER RESOURCES INCORPORATED,,,,,,,,PH,Recruitment Agency,ph-workabroad,https://mecintl.workabroad.ph/profile/agency/6710/mecintl,DMW-229-LB-12182023-R,"Jan 07, 2024","Jan 06, 2030",,
,,"MEDICAL STAFFING RESOURCES, INC.",,,,,,,,PH,Recruitment Agency,ph-workabroad,https://medicalstaffing.workabroad.ph/profile/agency/773/medicalstaffing,DMW-657-LB-10132025-R,"Nov 04, 2025","Nov 03, 2031",,
,,MEGA MANPOWER CORPORATION,,,,,,,,PH,Recruitment Agency,ph-workabroad,https://megamanpower.workabroad.ph/profile/agency/3678/megamanpower,POEA-061-LB-030316-R,,,,
,,MERCAN CANADA EMPLOYMENT PHILIPPINES,,,,,,,,PH,Recruitment Agency,ph-workabroad,https://mercancanada.workabroad.ph/profile/agency/6411/mercancanada,POEA-052-LB-070422-R,"Jul 21, 2022","Jul 20, 2026",,
,,"MICHAELANGELO MANPOWER EXPONENT, INC. (MMEI)",,,,,,,,PH,Recruitment Agency,ph-workabroad,https://www.workabroad.ph/profile/agency/740/michaelangelo-manpower-exponent-inc-mmei,POEA-136-LB-080519-R,"Aug 08, 2023","Aug 07, 2029",,
,,MIDAS SMART RESOURCES CORPORATION,,,,,,,,PH,Recruitment Agency,ph-workabroad,https://www.workabroad.ph/profile/agency/8203/midas-smart-resources-corporation,DMW-017-LB-02232024-PL,"Feb 23, 2024","Feb 22, 2027",,
,,MING HWEE MANPOWER RECRUITMENT INC,,,,,,,,PH,Recruitment Agency,ph-workabroad,https://www.workabroad.ph/profile/agency/5590/ming-hwee-manpower-recruitment-inc,POEA-118-LB-091922-R,"Aug 25, 2022","Aug 24, 2026",,
,,MIP INTERNATIONAL MANPOWER SERVICES INC,,,,,,,,PH,Recruitment Agency,ph-workabroad,https://mipintl.workabroad.ph/profile/agency/2080/mipintl,POEA-154-LB-080118-R,"Aug 09, 2022","Sep 01, 2026",,
,,MISSION WAY MANPOWER SERVICES INC.,,,,,,,,PH,Recruitment Agency,ph-workabroad,https://missionway.workabroad.ph/profile/agency/873/missionway,DMW-274-LB-02222024-R,"Mar 20, 2024","Mar 19, 2030",,
,,MIT RECRUITMENT AGENCY,,,,,,,,PH,Recruitment Agency,ph-workabroad,https://mitrecruitment.workabroad.ph/profile/agency/7933/mitrecruitment,DMW-027-LB-03182027-UL,"Apr 23, 2024","Jul 05, 2026",,
,,MMS PLACEMENT INTERNATIONAL INC.,,,,,,,,PH,Recruitment Agency,ph-workabroad,https://mmsplacement.workabroad.ph/profile/agency/1015/mmsplacement,POEA-183-LB-111620-R,"Nov 11, 2024","Jul 11, 2030",,
,,MODERN WORLD EXPLORATION RECRUITMENT CORP.,,,,,,,,PH,Recruitment Agency,ph-workabroad,https://www.workabroad.ph/profile/agency/8140/modern-world-exploration-recruitment-corp,DMW-010-LB-01032024-LP,"Jan 03, 2024","Jan 02, 2027",,
,,MORI INTERNATIONAL AGENCY CORPORATION,,,,,,Manila,,PH,Recruitment Agency,ph-workabroad,https://mori.workabroad.ph/profile/agency/46/mori,DMW-118-LB-06222023-R,"Apr 11, 2023","Apr 10, 2027",,
,,MOUNTAIN PEAK INTERNATIONAL HUMAN RESOURCES CORPORATION,,,,,,,,PH,Recruitment Agency,ph-workabroad,https://mountainpeak.workabroad.ph/profile/agency/7201/mountainpeak,DMW-630-LB-08122025-R,"Sep 07, 2025","Sep 06, 2031",,
,,MPL INTERNATIONAL CORPORATION,,,,,,,,PH,Recruitment Agency,ph-workabroad,https://mplintl.workabroad.ph/profile/agency/1890/mplintl,POEA-039-LB-030111-R,"Jun 26, 2024","Mar 27, 2027",,
,,"MRH GLOBAL PERSONNEL SERVICES, INC.",,,,,,,,PH,Recruitment Agency,ph-workabroad,https://mrhglobal.workabroad.ph/profile/agency/230/mrhglobal,POEA-137-LB-092914-R,"Oct 06, 2022","Oct 12, 2026",,
,,MT. ZION INTERNATIONAL PLACEMENT AGENCY INC,,,,,,,,PH,Recruitment Agency,ph-workabroad,https://www.workabroad.ph/profile/agency/7247/mt-zion-international-placement-agency-inc,POEA-204-LB-121622-R,"Dec 02, 2021","Dec 01, 2025",,
,,MULTI-ORIENT MANPOWER & MANAGEMENT SERVICES INC.,,,,,,,,PH,Recruitment Agency,ph-workabroad,https://multiorient.workabroad.ph/profile/agency/4537/multiorient,DMW-338-LB-04232024-R,"May 15, 2024","Feb 26, 2030",,
,,"MYRIAD HUMAN RESOURCE AND SERVICES, INC.",,,,,,,,PH,Recruitment Agency,ph-workabroad,https://myriad.workabroad.ph/profile/agency/968/myriad,POEA-039-LB-062422-R,"May 17, 2022","May 16, 2026",,
,,NANSEI TEIKOKU GLOBAL PLACEMENT SERVICES INC,,,,,,,,PH,Recruitment Agency,ph-workabroad,https://nansei2.workabroad.ph/profile/agency/6929/nansei2,POEA-023-LB-021220-R,"Mar 25, 2024","Feb 04, 2030",,
,,NAWRAS MANPOWER SERVICES INC.,,,,,,,,PH,Recruitment Agency,ph-workabroad,https://www.workabroad.ph/profile/agency/781/nawras-manpower-services-inc,DMW-375-LB-06182024-R,"Apr 23, 2024","Apr 22, 2030",,
,,NFR NEW FRONTIER RESOURCES INC,,,,,,,,PH,Recruitment Agency,ph-workabroad,https://nfr.workabroad.ph/profile/agency/6805/nfr,POEA-128-LB-072320-R,"Jul 03, 2024","Jul 04, 2030",,
,,NIHON KOKUSAI RECRUITMENT AGENCY INC.,,,,,,,,PH,Recruitment Agency,ph-workabroad,https://nkraco.workabroad.ph/profile/agency/7239/nkraco,DMW-633-LB-08142025-R,"Sep 14, 2025","Sep 13, 2031",,
,,NON-STOP OVERSEAS EMPLOYMENT CORP.,,,,,,Manila,,PH,Recruitment Agency,ph-workabroad,https://nonstop.workabroad.ph/profile/agency/1693/nonstop,POEA-039-LB-022719-R,"Feb 27, 2023","Mar 01, 2027",,
,,NOUPA AL ZAABI MANPOWER SERVICES,,,,,,,,PH,Recruitment Agency,ph-workabroad,https://www.workabroad.ph/profile/agency/2235/noupa-al-zaabi-manpower-services,POEA-050-LB-030819-R,"Feb 22, 2023","Mar 16, 2027",,
,,NSNT MEDICAL PLACEMENT & ALLIED SERVICES INC.,,,,,,,,PH,Recruitment Agency,ph-workabroad,https://www.workabroad.ph/profile/agency/1737/nsnt-medical-placement-allied-services-inc,015-LB-051106-UL,"Jul 25, 2025","Oct 25, 2025",,
,,NYD INTERNATIONAL PLACEMENT AGENCY INC.,,,,,,,,PH,Recruitment Agency,ph-workabroad,https://nydinternational.workabroad.ph/profile/agency/5973/nydinternational,POEA-143-LB-081319-R,"Dec 13, 2023","Aug 23, 2029",,
,,OLM INTERNATIONAL JOB PLACEMENT CORP - PASAY BRANCH,,,,,,,,PH,Recruitment Agency,ph-workabroad,https://www.workabroad.ph/profile/agency/8352/olm-international-job-placement-corp-pasay-branch,087-LB-072310-R,"Oct 22, 2022","Aug 25, 2026",,
,,OMANFIL INTERNATIONAL MANPOWER DEVELOPMENT CORPORATION,,,,,,,,PH,Recruitment Agency,ph-workabroad,https://omanfil.workabroad.ph/profile/agency/3613/omanfil,POEA-093-LB-072910-PA,"Sep 25, 2014","Sep 25, 2026",,
,,ONE LEAD CONNECT INTERNATIONAL RECRUITMENT AGENCY INC,,,,,,,,PH,Recruitment Agency,ph-workabroad,https://onelead.workabroad.ph/profile/agency/6831/onelead,DMW-460-LB-10302024-R,"Nov 18, 2024","Sep 27, 2030",,
,,"ONTIME STAFFING SOLUTIONS, INC.",,,,,,,,PH,Recruitment Agency,ph-workabroad,https://ontimestaffing.workabroad.ph/profile/agency/6969/ontimestaffing,DMW-494-LB-02072025-R,"Dec 02, 2024","Dec 01, 2030",,
,,ORANGE INTERNATIONAL RECRUITMENT SERVICES (FORMERLY INFRACELL PHILIPPINE),,,,,,Makati,,PH,Recruitment Agency,ph-workabroad,https://orange.workabroad.ph/profile/agency/308/orange,POEA-171-LB-112122-R,"Nov 21, 2022","Nov 20, 2026",,"the heart of Makati City, the Philippine’s premier financial and commercial district"
,,ORIENT HOLDINGS PHILIPPINES GROUP OF COMPANIES INC.,,,,,,,,PH,Recruitment Agency,ph-workabroad,https://orientholdings.workabroad.ph/profile/agency/169/orientholdings,DMW-385-LB-07012024-R,"Jul 12, 2024","May 30, 2030",,
,,ORIENTAL SERVICE MANPOWER INC.,,,,,,Manila,,PH,Recruitment Agency,ph-workabroad,https://www.workabroad.ph/profile/agency/8143/oriental-service-manpower-inc,DMW-016-LB-03042024-PL,"Mar 04, 2024","Mar 03, 2027",,
,,ORTIZ AGENCY & EMPLOYMENT SERVICES INC.-,,,,,,,,PH,Recruitment Agency,ph-workabroad,https://ortiz2.workabroad.ph/profile/agency/5176/ortiz2,208-LB-120114-R,,,,
,,"PACIFIC BUSINESS VENTURES, INC.",,,,,,,,PH,Recruitment Agency,ph-workabroad,https://pacificbusiness.workabroad.ph/profile/agency/1229/pacificbusiness,DMW-394-LB-07112024-R,"Aug 31, 2024","May 20, 2030",,
,,PANACEA INTL EMPLOYMENT RESOURCES AGENCY INC,,,,,,,,PH,Recruitment Agency,ph-workabroad,https://panacea.workabroad.ph/profile/agency/6719/panacea,POEA-132-LB-072320-R,"Jan 23, 2020","Jan 22, 2030",,
,,PARMAN INC.,,,,,,,,PH,Recruitment Agency,ph-workabroad,https://parman.workabroad.ph/profile/agency/3887/parman,POEA-136-LB-090210-R,"Sep 20, 2022","Aug 27, 2026",,
,,PEAK HUMAN RESOURCE MANAGEMENT AND CONSULTING SERVICES INCORPORATED,,,,,,,,PH,Recruitment Agency,ph-workabroad,https://peakmanpower.workabroad.ph/profile/agency/967/peakmanpower,POEA-093-LB-061615-R,"Jul 15, 2023","Jul 14, 2029",,
,,"PERPETUAL HELP PLACEMENT SERVICES INTL., INC.",,,,,,,,PH,Recruitment Agency,ph-workabroad,https://perpetualplacement.workabroad.ph/profile/agency/2587/perpetualplacement,POEA-125-LB-041916-R,"Jul 01, 2020","Mar 24, 2030",,
,,PHIL-TEX STAFFING SERVICES INTERNATIONAL INC,,,,,,,,PH,Recruitment Agency,ph-workabroad,https://PHILTEX.workabroad.ph/profile/agency/4948/philtex,POEA-055-LB-080521-R,,,,
,,PHILAFRICA TECHNICAL RESOURCES INC,,,,,,,,PH,Recruitment Agency,ph-workabroad,https://philafrica.workabroad.ph/profile/agency/5449/philafrica,POEA-038-LB-022619-R,"May 11, 2023","May 02, 2027",,
,,PHILCANGO INTERNATIONAL RECRUITMENT SERVICES,,,,,,,,PH,Recruitment Agency,ph-workabroad,https://philcango.workabroad.ph/profile/agency/6285/philcango,POEA-140-LB-101022-R,"Oct 18, 2022","Jun 09, 2026",,
,,PHILIPPINE HUMAN RESOURCE WORLDWIDE EMPLOYMENT CO.,,,,,,Manila,,PH,Recruitment Agency,ph-workabroad,https://philhuman.workabroad.ph/profile/agency/6402/philhuman,POEA 140-LB-071618-R,"Jul 07, 2022","Jul 28, 2026",,"1812 Taft Avenue Malate, Manila, Philippines"
,,"PHILIPPINE-RN RECRUITMENT AGENCY, INC.",,,,,,,,PH,Recruitment Agency,ph-workabroad,https://www.workabroad.ph/profile/agency/95/philippine-rn-recruitment-agency-inc,DMW-084-LB-05052023-R,"Jun 05, 2023","Sep 05, 2026",,
,,PHILNOS CORPORATION,,,,,,,,PH,Recruitment Agency,ph-workabroad,https://philnos.workabroad.ph/profile/agency/125/philnos,POEA-084-LB-081622-R,"Sep 15, 2022","Sep 14, 2026",,
,,PHILORE MANPOWER CORPORATION,,,,,,,,PH,Recruitment Agency,ph-workabroad,https://philore.workabroad.ph/profile/agency/7534/philore,DMW-160-LB-08222023-R,"Jul 29, 2023","Jul 28, 2029",,
,,PHILSTAR INTERNATIONAL SERVICES CORP.,,,,,,,,PH,Recruitment Agency,ph-workabroad,https://philstar.workabroad.ph/profile/agency/6099/philstar,POEA-208-LB-071312-R,"Jul 12, 2024","Aug 22, 2030",,
,,PHILWORLD RECRUITMENT AGENCY INC,,,,,,,,PH,Recruitment Agency,ph-workabroad,https://www.workabroad.ph/profile/agency/6998/philworld-recruitment-agency-inc,POEA-078-LB-112521-R,"Dec 23, 2020","Dec 22, 2030",,
,,PINE MANPOWER SOLUTIONS CORP.,,,,,,,,PH,Recruitment Agency,ph-workabroad,https://www.workabroad.ph/profile/agency/8187/pine-manpower-solutions-corp,DMW-026-LB-11072024-PL,"Nov 07, 2024","Nov 06, 2027",,
,,PINOY ARABIAN MANPOWER INTERNATIONAL SERVICES,,,,,,,,PH,Recruitment Agency,ph-workabroad,https://www.workabroad.ph/profile/agency/7920/pinoy-arabian-manpower-international-services,POEA-005-LB-070822-PL,"Jun 13, 2025","Oct 06, 2025",,
,,PINOY OVERSEAS WORKERS EMPLOYMENT RESOURCES (POWER) CORP.,,,,,,,,PH,Recruitment Agency,ph-workabroad,https://www.workabroad.ph/profile/agency/6512/pinoy-overseas-workers-employment-resources-power-corp,POEA-071-LB-102521-R,"Jul 01, 2025","Mar 29, 2031",,
,,PIONEER ASIA MANPOWER INTERNATIONAL INC.,,,,,,,,PH,Recruitment Agency,ph-workabroad,https://pioneerasia.workabroad.ph/profile/agency/2488/pioneerasia,DMW-306-LB-03252024-R,"Apr 18, 2024","Apr 11, 2030",,
,,PLATINUM BROTHERS INTL MANPOWER AGENCY INC.,,,,,,,,PH,Recruitment Agency,ph-workabroad,https://platinumbrothers.workabroad.ph/profile/agency/4034/platinumbrothers,035-LB-071913-R,"Sep 19, 2022","Jun 19, 2025",,
,,PNI INTERNATIONAL CORP.,,,,,,,,PH,Recruitment Agency,ph-workabroad,https://pniintl.workabroad.ph/profile/agency/443/pniintl,POEA-012-LB-012120-R,"Jan 17, 2025","Dec 06, 2029",,
,,"POINTMAN INTERNATIONAL SERVICES, INC.",,,,,,,,PH,Recruitment Agency,ph-workabroad,https://pointman.workabroad.ph/profile/agency/6595/pointman,DMW-194-LB-10132023-R,"Nov 24, 2023","May 13, 2027",,
,,"POWER HORIZON INTERNATIONAL RESOURCES, INC.",,,,,,Manila,,PH,Recruitment Agency,ph-workabroad,https://powerhorizon.workabroad.ph/profile/agency/1740/powerhorizon,POEA-259-LB-120418-R,"Dec 12, 2022","Dec 09, 2026",,
,,PRAXIS INTERNATIONAL STAFFING AND MANAGEMENT INC.,,,,,,,,PH,Recruitment Agency,ph-workabroad,https://praxis.workabroad.ph/profile/agency/6830/praxis,POEA-170-LB-101520-R,"Jun 13, 2023","Oct 10, 2024",,
,,PREMIER GLOBAL RECRUITMENT OPC,,,,,,,,PH,Recruitment Agency,ph-workabroad,https://www.workabroad.ph/profile/agency/8082/premier-global-recruitment-opc,DMW-005-LB-10112023-PL,"Oct 11, 2023","Oct 10, 2026",,
,,PREMIUM QUALITY WORK SOLUTIONS CORPORATION,,,,,,,,PH,Recruitment Agency,ph-workabroad,https://premiumquality.workabroad.ph/profile/agency/7092/premiumquality,POEA-013-LB-031417-PL,"Feb 14, 2025","Mar 27, 2031",,
,,"PRIME INTERNATIONAL MANPOWER SOLUTIONS, INC.",,,,,,,,PH,Recruitment Agency,ph-workabroad,https://primeintl.workabroad.ph/profile/agency/6978/primeintl,DMW-485-LB-12262024-R,"Jan 22, 2025","Dec 26, 2030",,
,,PRIME MANPOWER RESOURCES DEVELOPMENT INC.,,,,,,,,PH,Recruitment Agency,ph-workabroad,https://primemanpower.workabroad.ph/profile/agency/1723/primemanpower,POEA-141-LB-101122-R,"Oct 20, 2022","Sep 18, 2026",,
,,"PRIME OPPORTUNITIES, INC",,,,,,,,PH,Recruitment Agency,ph-workabroad,https://primeopportunities.workabroad.ph/profile/agency/3811/primeopportunities,DMW-421-LB-08142024-R,"May 13, 2024","May 12, 2030",,
,,PRIME SEARCH MANPOWER AGENCY INC.,,,,,,,,PH,Recruitment Agency,ph-workabroad,https://www.workabroad.ph/profile/agency/8194/prime-search-manpower-agency-inc,DMW-027-LB-11182024-PL,"Nov 18, 2024","Nov 17, 2027",,
,,PRIMEWORLD MANPOWER AGENCY INC.,,,,,,,,PH,Recruitment Agency,ph-workabroad,https://primeworld.workabroad.ph/profile/agency/1963/primeworld,POEA-168-LB-093015-R,"May 21, 2024","Sep 29, 2029",,
,,PRINCESS JOY PLACEMENT & GENERAL SERVICES,,,,,,,,PH,Recruitment Agency,ph-workabroad,https://princessjoy.workabroad.ph/profile/agency/3391/princessjoy,DMW-039-LB-03072023-R,"Feb 11, 2023","Feb 10, 2027",,
,,"PRINCIPALIA MANAGEMENT AND PERSONNEL CONSULTANTS, INC",,,,,,Makati,,PH,Recruitment Agency,ph-workabroad,https://principalia.workabroad.ph/profile/agency/92/principalia,POEA-104-LB-062920-R,"Apr 04, 2024","Apr 01, 2030",,
,,PROACTIVE OVERSEAS MANPOWER CORPORATION,,,,,,,,PH,Recruitment Agency,ph-workabroad,https://www.workabroad.ph/profile/agency/8158/proactive-overseas-manpower-corporation,DMW-015-LB-02232024-PL,"Feb 23, 2024","Feb 22, 2027",,
,,PROFILE OVERSEAS MANPOWER SERVICES INC.,,,,,,,,PH,Recruitment Agency,ph-workabroad,https://profileoverseas.workabroad.ph/profile/agency/266/profileoverseas,POEA-032-LB-021016-R,"May 24, 2022","Mar 07, 2030",,
,,"PROMEX, INC.",,,,,,,,PH,Recruitment Agency,ph-workabroad,https://www.workabroad.ph/profile/agency/64/promex-inc,POEA-098-LB-062220-R,"Apr 03, 2024","Apr 02, 2030",,
,,PRUDENTIAL EMPLOYMENT AGENCY INC,,,,,,,,PH,Recruitment Agency,ph-workabroad,https://prudential.workabroad.ph/profile/agency/4773/prudential,POEA-061-LB-070722-R,"Aug 15, 2022","Aug 14, 2026",,
,,PSC PRIMARY SKILLS INC.,,,,,,,,PH,Recruitment Agency,ph-workabroad,https://psc.workabroad.ph/profile/agency/5492/psc,POEA-186-LB-101915-R,"Nov 17, 2023","Oct 20, 2029",,
,,PYRAMIDS INTERNATIONAL HUMAN RESOURCES SERVICES CO,,,,,,,,PH,Recruitment Agency,ph-workabroad,https://pyramids.workabroad.ph/profile/agency/6473/pyramids,POEA-148-LB-101422-R,"Nov 07, 2022","Nov 06, 2026",,
,,Q AND M HR MANAGEMENT CO,,,,,,,,PH,Recruitment Agency,ph-workabroad,https://qmhr.workabroad.ph/profile/agency/7354/qmhr,POEA-061-LB-092721-R,"Oct 06, 2021","Nov 09, 2025",,
,,"QRD INTERNATIONAL PLACEMENT, INC.",,,,,,,,PH,Recruitment Agency,ph-workabroad,https://qrd.workabroad.ph/profile/agency/6693/qrd,DMW-203-LB-11142023-R,"Nov 11, 2024","Nov 06, 2029",,
,,QUANTUM-LEAP INTERNATIONAL MANPOWER RECRUITMENT AGENCY,,,,,,,,PH,Recruitment Agency,ph-workabroad,https://www.workabroad.ph/profile/agency/7433/quantum-leap-international-manpower-recruitment-agency,POEA-139-LB-101022-R,"Oct 05, 2022","Oct 04, 2026",,
,,QUESTCORE INC,,,,,,,,PH,Recruitment Agency,ph-workabroad,https://questcore.workabroad.ph/profile/agency/3683/questcore,POEA-019-LB-021521-R,"Mar 04, 2025","Mar 13, 2031",,
,,R A L CAREER LINK INC.,,,,,,,,PH,Recruitment Agency,ph-workabroad,https://ralcareer.workabroad.ph/profile/agency/2654/ralcareer,DMW-434-LB-09092024-R,"Jul 12, 2024","Jul 11, 2030",,
,,RAMASIA INTERNATIONAL MANPOWER SERVICES,,,,,,,,PH,Recruitment Agency,ph-workabroad,https://ramasiaintl.workabroad.ph/profile/agency/6966/ramasiaintl,POEA LICENCSE-078-LB-052820-R,"Apr 01, 2024","Apr 11, 2030",,
,,RECRUITMENT CENTER PHILIPPINES (RCP) FORMERLY VETERANS OVERSEAS,,,,,,,,PH,Recruitment Agency,ph-workabroad,https://rcphils.workabroad.ph/profile/agency/3501/rcphils,POEA-081-LB-081622-R,"Sep 08, 2022","Jul 26, 2026",,
,,RENSOL RECRUITMENT AND CONSULTING INC,,,,,,,,PH,Recruitment Agency,ph-workabroad,https://rensol.workabroad.ph/profile/agency/6585/rensol,DMW-073-LB-04122023-R,"Apr 19, 2023","Apr 28, 2027",,
,,RISE MANPOWER SERVICES,,,,,,,,PH,Recruitment Agency,ph-workabroad,https://risemanpower.workabroad.ph/profile/agency/155/risemanpower,POEA-042-LB-022312-R,"May 27, 2020","Mar 18, 2030",,
,,"RISING STAR HUMAN RESOURCES, INC",,,,,,,,PH,Recruitment Agency,ph-workabroad,https://www.workabroad.ph/profile/agency/8110/rising-star-human-resources-inc,DMW-014-LB-01232024-PL,"Jan 23, 2024","Jan 22, 2027",,
,,RJC GLOBAL MANPOWER PROVIDER INC.,,,,,,,,PH,Recruitment Agency,ph-workabroad,https://rjcglobal.workabroad.ph/profile/agency/7041/rjcglobal,POEA-156-LB-091420-R,"Jan 17, 2025","Nov 20, 2030",,
,,ROMAR OVERSEAS PLACEMENT & TRADING CORPORATION,,,,,,,,PH,Recruitment Agency,ph-workabroad,https://romar.workabroad.ph/profile/agency/3792/romar,POEA-142-LB-082020-R,"Jun 21, 2024","Apr 11, 2030",,
,,RPR INTERNATIONAL RECRUITMENT AGENCY INC.,,,,,,Pasay,,PH,Recruitment Agency,ph-workabroad,https://rprinternational.workabroad.ph/profile/agency/5516/rprinternational,POEA-130-LB-042116-R,"Aug 01, 2024","May 02, 2030",,
,,"RRJM INTERNATIONAL MANPOWER SERVICES, INC.",,,,,,,,PH,Recruitment Agency,ph-workabroad,https://rrjm.workabroad.ph/profile/agency/101/rrjm,POEA-258-LB-121611-R,"Feb 01, 2024","Jan 25, 2030",,
,,RURU GLOBAL RECRUITMENT SERVICES INC,,info@ruruglobal.com.ph,,,,,,PH,Recruitment Agency,ph-workabroad,https://ruruglobal.workabroad.ph/profile/agency/3834/ruruglobal,POEA-053-LB-112317-R,"Nov 19, 2025","Mar 04, 2026",,
,,"SAF INTERNATIONAL SERVICES, INC.",,,5366004,http://www.safintl.com,safintl.com,Manila,,PH,Recruitment Agency,ph-workabroad,https://safintl.workabroad.ph/profile/agency/730/safintl,DMW-047-LB-03082023-R,"Mar 16, 2023","Jan 24, 2027",,
,,SAMA INTERNATIONAL RECRUITMENT AGENCY,,,,,,,,PH,Recruitment Agency,ph-workabroad,https://sama.workabroad.ph/profile/agency/6745/sama,DMW-304-LB-05202024-R,,,,
,,SAMANTHA MANPOWER RECRUITMENT AGENCY INC.,,,,,,,,PH,Recruitment Agency,ph-workabroad,https://www.workabroad.ph/profile/agency/7245/samantha-manpower-recruitment-agency-inc,POEA-084-LB-122221-R,"Nov 14, 2021","May 13, 2026",,
,,SANGUINE GLOBAL STAFF RESOURCES CORP.,,,,,,,,PH,Recruitment Agency,ph-workabroad,https://sanguine.workabroad.ph/profile/agency/6977/sanguine,DMW-479-LB-12162024-R,"Jan 20, 2025","Jan 19, 2031",,
,,SANKO EMPLOYMENT SOLUTIONS INC.,,,,,,,,PH,Recruitment Agency,ph-workabroad,https://sankoemployment.workabroad.ph/profile/agency/6936/sankoemployment,POEA-136-LB-080320-R,"Nov 17, 2025","Feb 25, 2026",,
,,"SARA INTERNATIONAL MANPOWER SERVICES, INC.",,,,,,,,PH,Recruitment Agency,ph-workabroad,https://sara.workabroad.ph/profile/agency/3236/sara,POEA-155-LB-090915-R,"Dec 07, 2023","Oct 10, 2029",,
,,SCS PLACEMENT SERVICES INC.,,,,,,,,PH,Recruitment Agency,ph-workabroad,https://scsplacement.workabroad.ph/profile/agency/2924/scsplacement,DMW-427-LB-08202024-R,"Mar 07, 2024","Mar 06, 2030",,
,,"SEPTEMBER STAR, INC",,,,,,,,PH,Recruitment Agency,ph-workabroad,https://septemberstar.workabroad.ph/profile/agency/418/septemberstar,POEA-096-LB-032612-R,"Nov 14, 2022","Nov 13, 2025",,
,,SG RECRUITMENT INC.,,,,,,Mandaluyong,,PH,Recruitment Agency,ph-workabroad,https://ghr.workabroad.ph/profile/agency/6806/ghr,DMW-450-LB-09242024-R,"Jul 20, 2024","Jul 19, 2030",,
,,"SHARP BH GLOBAL MANPOWER, INC.",,,,,,,,PH,Recruitment Agency,ph-workabroad,https://sharpbh.workabroad.ph/profile/agency/7079/sharpbh,DMW-618-LB-06052025- R,"Jun 14, 2025","Jun 13, 2031",,
,,SHASO INTERNATIONAL MANPOWER SERVICES INC.,,,,,,,,PH,Recruitment Agency,ph-workabroad,https://shaso.workabroad.ph/profile/agency/4905/shaso,POEA-022-LB-102111-UL,"Mar 29, 2023","Jan 07, 2027",,
,,SILVER SKILLED RECRUITMENT INC.,,,,,,,,PH,Recruitment Agency,ph-workabroad,https://silverskilled.workabroad.ph/profile/agency/6406/silverskilled,POEA-026-LB-071014-PL,"Jul 06, 2022","Jul 25, 2026",,
,,SKILLED MANAGEMENT CORPORATION,,,,,,,,PH,Recruitment Agency,ph-workabroad,https://skilledmgmt.workabroad.ph/profile/agency/3721/skilledmgmt,233-LB-0702208-R,"Apr 29, 2024","Apr 20, 2030",,
,,"SKILLS INTERNATIONAL CO., INC.",,,,,,,,PH,Recruitment Agency,ph-workabroad,https://skillsintl.workabroad.ph/profile/agency/1196/skillsintl,POEA-232-LB-122815-R,"Mar 21, 2024","Feb 18, 2030",,
,,SKILLSTRADER INC.,,,,,,,,PH,Recruitment Agency,ph-workabroad,https://skillstrader.workabroad.ph/profile/agency/7732/skillstrader,POEA-004-LB-041921-PL,"Mar 27, 2025","Mar 24, 2031",,
,,SKY LINES MANPOWER SOLUTION INC.,,,,,,,,PH,Recruitment Agency,ph-workabroad,https://skylines.workabroad.ph/profile/agency/6549/skylines,DMW-025-LB-03072023-R,"Feb 10, 2023","Nov 07, 2026",,
,,SL SEARCH CORPORATION,,,,,,,,PH,Recruitment Agency,ph-workabroad,https://slsearch.workabroad.ph/profile/agency/55/slsearch,DMW-248-LB-01292024-R,"Jan 30, 2024","Jan 29, 2030",,
,,SPEED DEPLOYMENT MANPOWER RESOURCES,,,,,,,,PH,Recruitment Agency,ph-workabroad,https://speed.workabroad.ph/profile/agency/7007/speed,POEA-181-LB-120122-R,"Dec 06, 2022","Dec 05, 2026",,
,,SPEED DEPLOYMENT MANPOWER RESOURCES CORPORATION,,,,,,,,PH,Recruitment Agency,ph-workabroad,https://www.workabroad.ph/profile/agency/7436/speed-deployment-manpower-resources-corporation,POEA-181-LB-120122-R,"Dec 06, 2022","Dec 05, 2026",,
,,STAFF SEEKERS INT`L MANPOWER CORPORATION,,,,,,,,PH,Recruitment Agency,ph-workabroad,https://staffseekers.workabroad.ph/profile/agency/6813/staffseekers,003-lb-011816-pl,"Feb 20, 2024","Feb 12, 2030",,
,,STAFFHOUSE INTERNATIONAL RESOURCES,,,,,,,,PH,Recruitment Agency,ph-workabroad,https://staffhouse.workabroad.ph/profile/agency/680/staffhouse,DMW-131-LB-07132023-R,"Jul 27, 2023","Jul 12, 2029",,
,,STAR WORLD INTERNATIONAL MANPOWER AND PLACEMENT AGENCY,,,,,,,,PH,Recruitment Agency,ph-workabroad,https://starworld.workabroad.ph/profile/agency/1024/starworld,DMW-238-LB-01052024-R,"Dec 13, 2023","Dec 12, 2029",,
,,STARBORNE INTERNATIONAL PROMOTIONS AND MANPOWER CORPORATION,,,,,,Manila,,PH,Recruitment Agency,ph-workabroad,https://starborne.workabroad.ph/profile/agency/2970/starborne,POEA-028-LB-031621-R,"Sep 18, 2020","Sep 17, 2024",,
,,STB-DJL HUMAN LINK INC.,,,,,,,,PH,Recruitment Agency,ph-workabroad,https://stbdjl.workabroad.ph/profile/agency/549/stbdjl,DMW-280-LB-02232024-R,"Mar 22, 2024","Feb 24, 2030",,
,,STELLAR ACES OVERSEAS INT'L INC,,,,,,,,PH,Recruitment Agency,ph-workabroad,https://stellaraces.workabroad.ph/profile/agency/5224/stellaraces,DMW-098-LB-05292023-R,"Apr 08, 2023","Apr 07, 2027",,
,,STRATEGIC INTERNATIONAL MANPOWER SERVICES,,,,,,,,PH,Recruitment Agency,ph-workabroad,https://strategic.workabroad.ph/profile/agency/200/strategic,POEA-065-LB-070110-R,"Oct 03, 2022","Jul 31, 2026",,
,,STUDIO 85 PROMOTIONS INC.,,,,,,,,PH,Recruitment Agency,ph-workabroad,https://www.workabroad.ph/profile/agency/6617/studio-85-promotions-inc,DMW-605-LB-04112025-R,"Mar 31, 2025","Mar 30, 2031",,
,,SUN HIKKARI MANPOWER SERVICES CORP,,,,,,,,PH,Recruitment Agency,ph-workabroad,https://sunhikkari.workabroad.ph/profile/agency/7001/sunhikkari,POEA-027-LB-031021-R,"Oct 13, 2020","Oct 12, 2030",,
,,SUNRISE SEARCH & SUPPORT INC.,,,,,,,,PH,Recruitment Agency,ph-workabroad,https://sunrise.workabroad.ph/profile/agency/6355/sunrise,POEA-056-LB-070422-R,"Jul 14, 2022","Jun 19, 2026",,
,,"SUNWAY INTERNATIONAL MANPOWER SERVICES, INC.",,,,,,,,PH,Recruitment Agency,ph-workabroad,https://sunway.workabroad.ph/profile/agency/1419/sunway,POEA-092-LB-061615-R,"Jun 04, 2019","Jul 20, 2027",,
,,SUPERIOR ALLIANCE HUMAN RESOURCES CO.,,,,,,,,PH,Recruitment Agency,ph-workabroad,https://superioralliance.workabroad.ph/profile/agency/7044/superioralliance,POEA-033-LB-032621-R,"Apr 23, 2025","Apr 09, 2031",,
,,SUPERRED MANPOWER SERVICES,,,,,,,,PH,Recruitment Agency,ph-workabroad,https://www.workabroad.ph/profile/agency/7334/superred-manpower-services,POEA-013-LB-030922-R,"Jun 22, 2022","Mar 22, 2026",,
,,"SUPPLY OILFIELD SERVICES,INC",,,,,,,,PH,Recruitment Agency,ph-workabroad,https://supplyoilfield.workabroad.ph/profile/agency/3636/supplyoilfield,DMW-388-LB-07012024-R,"Sep 16, 2023","Sep 15, 2029",,
,,T.S. PIZARRO MANPOWER SERVICES AND CONSTRUCTION INCORPORATED,,,,,,,,PH,Recruitment Agency,ph-workabroad,https://tspizarro.workabroad.ph/profile/agency/1043/tspizarro,DMW-347-LB-07222024-R,"Mar 08, 2024","Mar 07, 2030",,
,,TAI-FIL MANPOWER SERVICES CORP,,,09171557381091715,,,,,PH,Recruitment Agency,ph-workabroad,https://taifil.workabroad.ph/profile/agency/1401/taifil,DMW-220-LB-11282023-R,"Jul 08, 2023","Jul 07, 2029",,
,,"TECHNOSERVE CO., INC. (FORMERLY TECHNOSERVE CONSTRUCTION CO., INC.)",,,,,,,,PH,Recruitment Agency,ph-workabroad,https://technoserve.workabroad.ph/profile/agency/877/technoserve,POEA-106-LB-091222-R,"Aug 31, 2022","Aug 30, 2026",,
,,TECHSEARCH INTERNATIONAL CORPORATION,,,,,,,,PH,Recruitment Agency,ph-workabroad,https://techsearch.workabroad.ph/profile/agency/5313/techsearch,POEA-088-LB-122921-R,"Nov 08, 2022","Dec 06, 2025",,
,,TEKSKIL MANPOWER AND CONSTRUCTION CORPORATION,,,,,,,,PH,Recruitment Agency,ph-workabroad,https://tekskil.workabroad.ph/profile/agency/964/tekskil,POEA-016-LB-012319-R,"Sep 07, 2022","Aug 18, 2026",,
,,TEST ACCOUNT FOR WEB DEVELOPMENTS,,,,,,,,PH,Recruitment Agency,ph-workabroad,https://www.workabroad.ph/profile/agency/6823/test-account-for-web-developments,123POEA-123456,"Jan 01, 2019","Jan 01, 2026",,
,,TITANIUM INTERNATIONAL MANPOWER CO,,,,,,,,PH,Recruitment Agency,ph-workabroad,https://www.workabroad.ph/profile/agency/8152/titanium-international-manpower-co,DMW-013-LB-02052024-PL,"Feb 05, 2024","Feb 04, 2027",,
,,TOP HIGH GLOBAL RESOURCES INC,,,,,,,,PH,Recruitment Agency,ph-workabroad,https://tophigh.workabroad.ph/profile/agency/7358/tophigh,POEA-050-LB-121917-PL,"Jun 23, 2023","Mar 15, 2026",,
,,TOP JOBY INTERNATIONAL MANPOWER AGENCY CO,,,,,,,,PH,Recruitment Agency,ph-workabroad,https://topjoby.workabroad.ph/profile/agency/6539/topjoby,POEA-036-LB-022019-R,"Jul 27, 2023","Feb 18, 2027",,
,,TOTAL PERFORMANCE MANPOWER SUPPLY CORP.,,,,,,,,PH,Recruitment Agency,ph-workabroad,https://www.workabroad.ph/profile/agency/6665/total-performance-manpower-supply-corp,DMW-181-LB-09282023-R,"Oct 10, 2023","Oct 09, 2029",,
,,TRANS OVERSEAS MANPOWER SERVICES INC.,,,,,,Manila,,PH,Recruitment Agency,ph-workabroad,https://transoverseas.workabroad.ph/profile/agency/731/transoverseas,DMW-028-LB-03072023-R,"Feb 22, 2023","Feb 07, 2027",,
,,"TRANSNATIONAL SERVICES, INC.",,,,,,,,PH,Recruitment Agency,ph-workabroad,https://transnationalservices.workabroad.ph/profile/agency/67/transnationalservices,POEA-035-LB-022120-R,"Apr 16, 2024","Mar 07, 2030",,
,,TREASURE OF HOPE INTERNATIONAL INC.,,,,,,,,PH,Recruitment Agency,ph-workabroad,https://treasureofhope.workabroad.ph/profile/agency/5896/treasureofhope,POEA-091-LB-042618-R,"Jun 08, 2018","Jun 07, 2026",,
,,UNIJOBS INTERNATIONAL MANPOWER SERVICES CORP.,,,,,,Quezon City,,PH,Recruitment Agency,ph-workabroad,https://unijobs.workabroad.ph/profile/agency/2734/unijobs,POEA-105-LB-111920-R,"Jul 10, 2020","Jul 09, 2030",,
,,UNIONSKILLS INTERNATIONAL INC.,,,,,,,,PH,Recruitment Agency,ph-workabroad,https://unionskills.workabroad.ph/profile/agency/7678/unionskills,POEA-019-LB-102622-UL,"Dec 10, 2024","Jan 13, 2031",,
,,UNIPLAN OVERSEAS EMPLOYMENT INC.,,,,,,,,PH,Recruitment Agency,ph-workabroad,https://uniplan.workabroad.ph/profile/agency/984/uniplan,POEA-217-LB-120619-R,"Jan 19, 2024","Jan 22, 2030",,
,,"UNITED GLOBAL MANPOWER RESOURCES, INC.",,,,,,,,PH,Recruitment Agency,ph-workabroad,https://unitedglobal.workabroad.ph/profile/agency/500/unitedglobal,DMW-188-LB-10202023-R,"Nov 22, 2023","Nov 21, 2029",,
,,"UNIVERSAL STAFFING SERVICES, INC.",,,,,,,,PH,Recruitment Agency,ph-workabroad,https://unistaff.workabroad.ph/profile/agency/217/unistaff,DMW-040-LB-03072023-R,"Mar 26, 2023","Mar 25, 2027",,
,,UNLIMITED SKILLS EMPLOYMENT AND MANPOWER SERVICES INC (FORMERLY ROWALD INTL),,,,,,,,PH,Recruitment Agency,ph-workabroad,https://unlimitedskillsemployment.workabroad.ph/profile/agency/864/unlimitedskillsemployment,POEA-167-LB-111122-R,"Sep 30, 2022","Sep 29, 2026",,
,,UZU REAL MANPOWER AGENCY INC,,,,,,,,PH,Recruitment Agency,ph-workabroad,https://www.workabroad.ph/profile/agency/7527/uzu-real-manpower-agency-inc,POEA-013-LB-071019-PL,"Jan 20, 2025","Feb 25, 2025",,
,,VALESCO-SMS (STRATEGIC MANPOWER SOLUTIONS) INC,,,,,,,,PH,Recruitment Agency,ph-workabroad,https://valesco.workabroad.ph/profile/agency/1167/valesco,DMW-013-LB051822-R,"Jul 05, 2022","Jul 04, 2026",,
,,VENTURE MANAGEMENT SYSTEMS INTERNATIONAL CORPORATION,,,,,,,,PH,Recruitment Agency,ph-workabroad,https://venture.workabroad.ph/profile/agency/925/venture,DMW-335-LB-06032024-R,"Apr 21, 2024","Apr 20, 2030",,
,,VFG INTERNATIONAL PLACEMENT INC.,,,,,,,,PH,Recruitment Agency,ph-workabroad,https://vfgintl.workabroad.ph/profile/agency/6968/vfgintl,DMW-308-LB-03262024-R,"Jun 24, 2024","Jun 23, 2030",,
,,VICTORIA SERVICES INC.,,,,,,,,PH,Recruitment Agency,ph-workabroad,https://victoria.workabroad.ph/profile/agency/1365/victoria,POEA-027-LB-020516-R,,,,
,,"WISERECRUIT, CORP.",,,,,,,,PH,Recruitment Agency,ph-workabroad,https://wiserecruit.workabroad.ph/profile/agency/3744/wiserecruit,POEA-102-LB-090822-R,"Jul 16, 2025","Oct 21, 2025",,
,,"WIZARD INTERNATIONAL MANPOWER SERVICES, INC.",,,,,,,,PH,Recruitment Agency,ph-workabroad,https://www.workabroad.ph/profile/agency/8164/wizard-international-manpower-services-inc,DMW-023-LB-09162024-PL,"Sep 16, 2024","Sep 15, 2027",,
,,WORK ASIA INTERNATIONAL RECRUITMENT AGENCY INC.,,,,,,Makati,,PH,Recruitment Agency,ph-workabroad,https://workasia.workabroad.ph/profile/agency/6636/workasia,POEA-013-LB-042015-PLe,"Oct 11, 2022","May 09, 2026",,
,,WORKABROAD ADMIN,,,,,,,,PH,Recruitment Agency,ph-workabroad,https://www.workabroad.ph/profile/agency/121/workabroad-admin,xxxxxx,"May 05, 2015","Mar 01, 2028",,
,,WORKFORCE INTERNATIONAL INC.,,,,,,,,PH,Recruitment Agency,ph-workabroad,https://workforce.workabroad.ph/profile/agency/6306/workforce,POEA-153-LB-090720-R,"Aug 11, 2024","Aug 10, 2030",,
,,WORLDSTAR INTERNATIONAL MANPOWER,,,,,,,,PH,Recruitment Agency,ph-workabroad,https://worldstar.workabroad.ph/profile/agency/6561/worldstar,POEA-160-LB-102822-R,"Apr 09, 2022","Apr 08, 2026",,
,,"Y HMD INTERNATIONAL MANPOWER SERVICES, INC.",,,,,,,,PH,Recruitment Agency,ph-workabroad,https://www.workabroad.ph/profile/agency/612/y-hmd-international-manpower-services-inc,POEA-209-LB-122222-R,"Dec 18, 2022","Dec 17, 2026",,
,,"YARRA INTERNATIONAL RECRUITMENT CO., INC.",,,,,,,,PH,Recruitment Agency,ph-workabroad,https://yarra.workabroad.ph/profile/agency/3639/yarra,DMW-240-LB-01092024,,,,
,,YOSHI PROMOTIONS INC.,,,,,,,,PH,Recruitment Agency,ph-workabroad,https://www.workabroad.ph/profile/agency/4917/yoshi-promotions-inc,DMW-197-LB-11082023-R,"Nov 19, 2023","Nov 18, 2029",,
,,YWA HUMAN RESOURCE CORPORATION (FORMERLY YANGWHA),,,,,,,,PH,Recruitment Agency,ph-workabroad,https://ywacorp.workabroad.ph/profile/agency/2199/ywacorp,POEA 224-LB-102618-R,"Dec 07, 2022","Nov 11, 2026",,
,,ZONTAR MANPOWER SERVICES INC,,,,,,,,PH,Recruitment Agency,ph-workabroad,https://www.workabroad.ph/profile/agency/1535/zontar-manpower-services-inc,POEA-153-LB-102422-R,"Sep 27, 2022","Sep 26, 2026",,