first_name,last_name,firm_name,title,email,phone,website,domain,street_address,city,state,zip,country,niche,source,profile_url
,,TBL Attorney,,,925-862-3393,,,,Alameda,CA,,US,Immigration Law,findlaw,https://lawyers.findlaw.com/california/concord/tbl-attorney-NTIyMDg4Ml8x/
Landerholm,Immigration,,,,510-488-1020,,,,Alameda,CA,,US,Immigration Law,findlaw,https://lawyers.findlaw.com/california/oakland/landerholm-immigration-apc-NDgxNDA0Ml8x/
Stouffer,Law,,,,510-214-4007,,,,Alameda,CA,,US,Immigration Law,findlaw,https://lawyers.findlaw.com/california/berkeley/stouffer-law-NDU5NjQ4Ml8x/
,,"KPB Immigration Law Firm, PC",,,415-484-0654,,,,Alameda,CA,,US,Immigration Law,findlaw,https://lawyers.findlaw.com/profile/view/5051445_1
,,"Bean, Lloyd, Mukherji, & Taylor, LLP",,,510-433-1900,https://www.beancard.com,beancard.com,110 Eleventh Street,Oakland,CA,94607,US,Immigration Law,findlaw,https://lawyers.findlaw.com/california/oakland/bean-lloyd-mukherji--taylor-llp-MzQwNDI2Nl8x/
,,"Palmer & Tran, L.L.P.",,,(714) 427-0222,https://www.palmer-tran.com,palmer-tran.com,"182 Howard Street, Suite 704",San Francisco,CA,94105,US,Immigration Law,findlaw,https://lawyers.findlaw.com/california/san-francisco/palmer--tran-llp-NDAwMzk0N18x/
,,"KPB Immigration Law Firm, PC",,,415-484-0654,https://www.kpbimmigrationlawfirm.com/,kpbimmigrationlawfirm.com,"142 Sansome Street, Ste 500",San Francisco,CA,94104,US,Immigration Law,findlaw,https://lawyers.findlaw.com/california/san-francisco/kpb-immigration-law-firm-pc-NDUxOTM3N18x/
Amie,Miller,Law Office of Amie D. Miller,,,415-362-8602,https://www.immigrate-us.net,immigrate-us.net,"369 Pine Street, Suite 725",San Francisco,CA,94104,US,Immigration Law,findlaw,https://lawyers.findlaw.com/california/san-francisco/law-office-of-amie-d-miller-MTM4NjQyMV8x/
,,K & G Immigration Law,,,(415) 777-4445,https://www.kgimmigrationlaw.com,kgimmigrationlaw.com,465 California St Ste 607,San Francisco,CA,94104,US,Immigration Law,findlaw,https://lawyers.findlaw.com/california/san-francisco/k--g-immigration-law-NDY4MDg5M18x/
Emeriti,Law,,,,833-403-3109,https://www.emeriti.law,emeriti.law,"580 California St., Suite 1200",San Francisco,CA,94104,US,Immigration Law,findlaw,https://lawyers.findlaw.com/california/san-francisco/emeriti-law-pllc-NTM4NDI3NF8x/
Robert,Gaffney,Law Offices of Robert P. Gaffney,,,415-503-9653,https://www.usvisanet.com,usvisanet.com,"601 Montgomery Street , Suite 1114",San Francisco,CA,94111,US,Immigration Law,findlaw,https://lawyers.findlaw.com/california/san-francisco/law-offices-of-robert-p-gaffney-MTY0OTA4N18x/
Alano,Immigration,,,,415-286-9941,https://www.alanoimmigrationlaw.com,alanoimmigrationlaw.com,2858 Diamond St.,San Francisco,CA,94131,US,Immigration Law,findlaw,https://lawyers.findlaw.com/california/san-francisco/alano-immigration-NDM1NDg1Ml8x/
Ballout,A,,,,650-373-1122,https://www.balloutlaw.com,balloutlaw.com,410 N. San Mateo Drive,San Mateo,CA,94401,US,Immigration Law,findlaw,https://lawyers.findlaw.com/california/san-mateo/ballout-law-apc-MjMxOTg0NV8x/
Fok,Law,,,,650-546-7020,https://www.jfoklaw.com,jfoklaw.com,"3 East Third Avenue, Suite 200",San Mateo,CA,94401,US,Immigration Law,findlaw,https://lawyers.findlaw.com/california/san-mateo/fok-immigration-law-NTIxNjMwM18x/
Rafael,Climaco,Law Office of Rafael S. Climaco,,,415-578-6826,https://www.climacolawoffice.com,climacolawoffice.com,"1990 N. California Blvd., 8th Floor",Walnut Creek,CA,94596,US,Immigration Law,findlaw,https://lawyers.findlaw.com/california/walnut-creek/law-office-of-rafael-s-climaco-NDA2Njc5Ml8x/
,,Philip Levin & Associates,,,(800) 974-2691,https://www.levin-immigration.com,levin-immigration.com,"4040 Civic Center Drive, Suite 200",San Rafael,CA,94903,US,Immigration Law,findlaw,https://lawyers.findlaw.com/california/san-rafael/philip-levin--associates-NDMwNzg4OF8x/
,,"Litwin & Smith, A Law Corporation",,,888-344-0892,https://www.facebook.com/LitwinSmith.A.Law.Corporation,facebook.com,"5201 Great America Parkway, Suite 320",Santa Clara,CA,95054,US,Immigration Law,findlaw,https://lawyers.findlaw.com/california/santa-clara/litwin--smith-a-law-corporation-MzQ1MDI0Ml8x/
Somireddy,Group,,,,703-977-9957,https://somireddylaw.com/,somireddylaw.com,285 Oakmead Pkwy,Santa Clara,CA,95051,US,Immigration Law,findlaw,https://lawyers.findlaw.com/california/santa-clara/somireddy-law-group-pllc-NTM4MTU2N18x/
,,The Zhou Law Group,,,408-214-2691,https://sanjoseattorneys.com/,sanjoseattorneys.com,"1625 The Alameda, Suite 626",San Jose,CA,95126,US,Immigration Law,findlaw,https://lawyers.findlaw.com/california/san-jose/the-zhou-law-group-NTA0NjUzMl8x/
John,Renwick,Law Offices of John B. Renwick,,,408-332-5856,https://www.courtguy.com,courtguy.com,"111 North Market Street, Suite 300",San Jose,CA,95113,US,Immigration Law,findlaw,https://lawyers.findlaw.com/california/san-jose/law-offices-of-john-b-renwick-NDQ3ODY2MV8x/
,,Law Office of J. Christina Alvarez Aulakh,,,916-970-3360,https://www.christinaalvarez.com/,christinaalvarez.com,"2390 Maritime Drive, Suite 110",Elk Grove,CA,95758,US,Immigration Law,findlaw,https://lawyers.findlaw.com/california/elk-grove/law-office-of-j-christina-alvarez-aulakh-MzcxOTI0OF8x/
John,Alcorn,Law Offices of John R. Alcorn,,,949-751-6574,,,,Anaheim,CA,,US,Immigration Law,findlaw,https://lawyers.findlaw.com/california/irvine/the-law-offices-of-john-r-alcorn-apc-MzIzMzY0NV8x/
,,"American Immigration Law Firm, LLP",,,323-909-8655,,,,Anaheim,CA,,US,Immigration Law,findlaw,https://lawyers.findlaw.com/california/monterey-park/american-immigration-law-firm-llp-NTM1NjUzMV8x/
Valdez,Immigration,,,,949-393-2128,,,,Anaheim,CA,,US,Immigration Law,findlaw,https://lawyers.findlaw.com/california/aliso-viejo/valdez-immigration-law-firm-NDg3MTM2Ml8x/
,,Law Offices of Gita B. Kapur and Associates,,,213-784-6598,https://www.gitakapurlaw.com,gitakapurlaw.com,"110 E Wilshire Ave, Suite 409",Fullerton,CA,92832,US,Immigration Law,findlaw,https://lawyers.findlaw.com/california/fullerton/law-offices-of-gita-b-kapur-and-associates-NDM3NzU0N18x/
Copete,Law,,,,714-459-8040,https://www.copetelawfirm.com/,copetelawfirm.com,"601 Parkcenter Drive, Suite 107",Santa Ana,CA,92705,US,Immigration Law,findlaw,https://lawyers.findlaw.com/california/santa-ana/copete-law-pc-NTExMjI4N18x/
,,"Wang IP Law Group, P.C.",,,626-269-6753,,,"18645 East Gale Ave. , Suite 205",Industry,CA,91748,US,Immigration Law,findlaw,https://lawyers.findlaw.com/california/industry/wang-ip-law-group-pc-NTAwMzEwMV8x/
,,"Robert F. Jacobs & Associates, PLC",,,866-308-5703,https://www.rfjimmigration.com,rfjimmigration.com,"12631 Imperial Hwy., Ste. A113",Santa Fe Springs,CA,90670,US,Immigration Law,findlaw,https://lawyers.findlaw.com/california/santa-fe-springs/robert-f-jacobs--associates-plc-MjQyOTU2OV8x/
,,Ashkan Yekrangi & Associates,,,(949) 988-0878,https://www.yeklaw.com,yeklaw.com,"1 Park Plaza, Suite 660",Irvine,CA,92614,US,Immigration Law,findlaw,https://lawyers.findlaw.com/california/irvine/ashkan-yekrangi--associates-NDgxMDQ0N18x/
,,"David Hirson & Partners, LLP",,,949-441-4003,https://www.hirsonimmigration.com,hirsonimmigration.com,1122 Bristol Street,Costa Mesa,CA,92626,US,Immigration Law,findlaw,https://lawyers.findlaw.com/california/costa-mesa/david-hirson--partners-llp-NDkyMjY1MF8x/
,,The Zhou Law Group,,,408-214-2691,https://sanjoseattorneys.com/,sanjoseattorneys.com,"5000 Birch Street, West Tower, Suite 3000",Newport Beach,CA,92660,US,Immigration Law,findlaw,https://lawyers.findlaw.com/california/newport-beach/the-zhou-law-group-NTM0NDI4MV8x/
"WHGC,",P.L.C.,,,,866-970-0186,,,"1301 Dove Street, Suite 1050",Newport Beach,CA,92660,US,Immigration Law,findlaw,https://lawyers.findlaw.com/california/newport-beach/whgc-plc-MTk3NTIxN18x/
,,D & T Law Corporation,,,949-214-4913,https://www.dtlaws.com,dtlaws.com,"Irvine Business Center, 7545 Irvine Center Drive, Suite 200",Irvine,CA,92618,US,Immigration Law,findlaw,https://lawyers.findlaw.com/california/irvine/d--t-law-corporation-NDkwMzY2OV8x/
,,GTH Law Group,,,888-736-0895,https://www.gthlawgroup.com,gthlawgroup.com,"300 Spectrum Center Dr, Suite 400",Irvine,CA,92618,US,Immigration Law,findlaw,https://lawyers.findlaw.com/california/irvine/gth-law-group-NTMzMDM3OF8x/
,,"Nelson & Associates, A Professional Law Corporation",,,(626) 683-3451,https://www.nelson-immigration.us,nelson-immigration.us,"9660 Flair Drive, Suite 418",El Monte,CA,91731,US,Immigration Law,findlaw,https://lawyers.findlaw.com/california/el-monte/nelson--associates-a-professional-law-corporation-NDE1MDg4M18x/
,,Marigold Law Center,,,323-714-0195,https://www.marigoldlawcenter.com,marigoldlawcenter.com,"515 South Flower Street, 18th Floor #1973",Los Angeles,CA,90071,US,Immigration Law,findlaw,https://lawyers.findlaw.com/california/los-angeles/marigold-law-center-NTM0MDc5OV8x/
,,Lisinski Law Firm,,,800-259-5555,https://lisinskifirm.com/,lisinskifirm.com,"3610 Central Ave, Suite 600",Riverside,CA,92506,US,Immigration Law,findlaw,https://lawyers.findlaw.com/california/riverside/lisinski-law-firm-NTMwMDcyMF8x/
Paul,Herzog,Law Offices of Paul Herzog,,,844-859-8146,https://www.employment-familysponsoredimmigration.com,employment-familysponsoredimmigration.com,6300 Wilshire Boulevard #805,Los Angeles,CA,90048,US,Immigration Law,findlaw,https://lawyers.findlaw.com/california/los-angeles/law-offices-of-paul-herzog-MzYyMDQ3OF8x/
,,K & G Immigration Law,,,(310) 717-0200,https://www.kgimmigrationlaw.com/location/beverly-hills.html,kgimmigrationlaw.com,8484 Wilshire Blvd Ste 430,Beverly Hills,CA,90211,US,Immigration Law,findlaw,https://lawyers.findlaw.com/california/beverly-hills/k--g-immigration-law-NTIzNjUwOV8x/
,,"Simkin & Associates, Inc.",,,888-288-5723,https://www.simkin.com,simkin.com,"1875 Century Park East, Suite 1750",Los Angeles,CA,90067,US,Immigration Law,findlaw,https://lawyers.findlaw.com/california/los-angeles/simkin--associates-inc-MTAyMTIyM18x/
,,Law Offices of Hussain & Gutierrez,,,626-684-4105,https://hussaingutierrezlaw.com/,hussaingutierrezlaw.com,6316 Van Nuys Boulevard,Van Nuys,CA,91401,US,Immigration Law,findlaw,https://lawyers.findlaw.com/california/van-nuys/law-offices-of-hussain--gutierrez-MzY5MjU0N18x/
,,"Marcus Family Law Center, PLC",,,760-459-8609,https://barefootlawyer.com/,barefootlawyer.com,"9820 Willow Creek Rd., Ste. 285",San Diego,CA,92131,US,Immigration Law,findlaw,https://lawyers.findlaw.com/california/san-diego/marcus-family-law-center-plc-NDY2ODIxMV8x/
,,"Goodrich & Cheung, LLP",,,858-429-9958,https://www.goodrichcheung.com,goodrichcheung.com,"8765 Aero Drive, Suite 120",San Diego,CA,92123,US,Immigration Law,findlaw,https://lawyers.findlaw.com/california/san-diego/goodrich--cheung-llp-MzMyOTA0Ml8x/
Matthew,Springmeyer,Law Office of Matthew H. Springmeyer,,,619-780-2716,https://www.springmeyerlawfirm.com,springmeyerlawfirm.com,"2305 Historic Decatur Road, Suite 100",San Diego,CA,92106,US,Immigration Law,findlaw,https://lawyers.findlaw.com/california/san-diego/law-office-of-matthew-h-springmeyer-NTAwNDAxOF8x/
,,"T. L. Brown Law Firm, P.C.",,,619-419-0728,https://tlbrownlaw.com/,tlbrownlaw.com,"3160 Camino Del Rio S, Suite 101",San Diego,CA,92108,US,Immigration Law,findlaw,https://lawyers.findlaw.com/california/san-diego/t-l-brown-law-firm-pc-NTIxMTY2NF8x/
,,"Law Offices of Jan Joseph Bejar, A P.L.C.",,,619-291-1112,https://www.immigrationlawclinic.com,immigrationlawclinic.com,3230 Fifth Avenue,San Diego,CA,92103,US,Immigration Law,findlaw,https://lawyers.findlaw.com/california/san-diego/law-offices-of-jan-joseph-bejar-a-plc-MTY0NjE1NF8x/
,,Green & Green LLP,,,866-540-1466,https://www.mikegreenlaw.com,mikegreenlaw.com,227 3rd Avenue,Chula Vista,CA,91910,US,Immigration Law,findlaw,https://lawyers.findlaw.com/california/chula-vista/green--green-llp-MTUyNTY0MF8x/
,,"KPB Immigration Law Firm, PC",,,925-222-5074,https://www.kpbimmigrationlawfirm.com/,kpbimmigrationlawfirm.com,"3100 Oak Road., Suite 130",Walnut Creek,CA,94597,US,Immigration Law,findlaw,https://lawyers.findlaw.com/california/walnut-creek/kpb-immigration-law-firm-pc-NTIyMDQ0NF8x/
,,K & G Immigration Law,,,(707) 737-7800,https://www.kgimmigrationlaw.com/location/vallejo.html,kgimmigrationlaw.com,"690 Walnut Ave, Ste 235",Vallejo,CA,94592,US,Immigration Law,findlaw,https://lawyers.findlaw.com/california/vallejo/k--g-immigration-law-NTIzNjUwOF8x/
,,"Philippe Dwelshauvers, A Law Corporation",,,559-821-7520,,,2641 Fresno Street,Fresno,CA,93721,US,Immigration Law,findlaw,https://lawyers.findlaw.com/california/fresno/philippe-dwelshauvers-a-law-corporation-MjMwMzI4OF8x/
Towne,Firm,,,,518-874-0296,,,,Albany,NY,,US,Immigration Law,findlaw,https://lawyers.findlaw.com/new-york/albany/the-towne-law-firm-pc-MTE4OTA0MV8x/
,,Barbara C. Brenner Immigration Law PLLC,,,518-888-4810,https://www.brennervisalaw.com,brennervisalaw.com,"300 Great Oaks Blvd, Suite 300-021",Albany,NY,12203,US,Immigration Law,findlaw,https://lawyers.findlaw.com/new-york/albany/barbara-c-brenner-immigration-law-pllc-NTM1MTM2OV8x/
,,"Meyers & Meyers, PLLC",,,518-724-1885,https://www.meyersandmeyers.com,meyersandmeyers.com,1734 Western Avenue,Albany,NY,12203,US,Immigration Law,findlaw,https://lawyers.findlaw.com/new-york/albany/meyers--meyers-pllc-MjUzMDgxN18x/
Tully,Rinckey,,,,888-913-6229,https://www.tullylegal.com/,tullylegal.com,"1203 Troy-Schenectady Road, Suite 101",Latham,NY,12110,US,Immigration Law,findlaw,https://lawyers.findlaw.com/new-york/latham/tully-rinckey-pllc-MzM5MzcxNF8x/
,,"Igunbor & Igunbor Law Firm, PLLC",,,845-337-5011,https://www.igunborlaw.com/,igunborlaw.com,"695 Dutchess Turnpike, Suite 201",Poughkeepsie,NY,12603,US,Immigration Law,findlaw,https://lawyers.findlaw.com/new-york/poughkeepsie/igunbor--igunbor-law-firm-pllc-NDU4OTQ2Nl8x/
,,"The Law Office of Dena Ghobashy, PLLC",,,845-432-5707,https://www.ghobashylawoffice.com,ghobashylawoffice.com,"3 Neptune Road, Suite A15",Poughkeepsie,NY,12601,US,Immigration Law,findlaw,https://lawyers.findlaw.com/new-york/poughkeepsie/the-law-office-of-dena-ghobashy-pllc-NDg3ODQyOF8x/
Alison,Esq.,"Law Offices of Alison Berry, Esq.",,,800-505-5113,https://www.alisonberryimmigrationlaw.com,alisonberryimmigrationlaw.com,"300 Hamilton Ave., Suite 410",White Plains,NY,10601,US,Immigration Law,findlaw,https://lawyers.findlaw.com/new-york/white-plains/law-offices-of-alison-berry-esq-MTA1NDU2Nl8x/
,,"Bikkal & Associates, P.C.",,,914-683-5300,https://www.sblawyers.com,sblawyers.com,"170 Hamilton Ave., Suite 206",White Plains,NY,10601,US,Immigration Law,findlaw,https://lawyers.findlaw.com/new-york/white-plains/bikkal--associates-pc-MzM5MzU3Nl8x/
Nichols,Offices,,,,315-800-6151,https://personalinjurylawyersinsyracuse.com/,personalinjurylawyersinsyracuse.com,"333 Butternut Dr., Suite 106",Dewitt,NY,13214,US,Immigration Law,findlaw,https://lawyers.findlaw.com/new-york/dewitt/nichols-law-offices-pllc-NDg1NTIwMl8x/
Bousquet,Holstein,,,,315-667-2532,https://bhlawpllc.com/,bhlawpllc.com,"110 West Fayette Street, One Lincoln Center, Suite 1000",Syracuse,NY,13202,US,Immigration Law,findlaw,https://lawyers.findlaw.com/new-york/syracuse/bousquet-holstein-pllc-NTA3MDQzNl8x/
PM,Law,,,,917-634-8715,https://www.pmlawpcny.com,pmlawpcny.com,"6800 Jericho Turnpike, Suite 120W",Syosset,NY,11791,US,Immigration Law,findlaw,https://lawyers.findlaw.com/new-york/syosset/pm-law-pc-NTMyOTY1OV8x/
,,"Kurzban Kurzban Tetzeli & Pratt, P.A.",,,305-744-5888,https://www.kktplaw.com/,kktplaw.com,"1129 Northern Blvd., Suite 404",Manhasset,NY,11030,US,Immigration Law,findlaw,https://lawyers.findlaw.com/new-york/manhasset/kurzban-kurzban-tetzeli--pratt-pa-NTM4NjA5OF8x/
,,"The Law Offices of Polizzotto & Polizzotto, LLC",,,718-213-4861,https://www.polizzotto.com,polizzotto.com,"1129 Northern Blvd, #404",Manhasset,NY,11030,US,Immigration Law,findlaw,https://lawyers.findlaw.com/new-york/manhasset/the-law-offices-of-polizzotto--polizzotto-llc-NTE1OTU0M18x/
,,"Kim, Lim & Partners",,,201-740-2953,https://www.klplawyers.com,klplawyers.com,164-01 Northern Blvd 2nd Fl.,Flushing,NY,11358,US,Immigration Law,findlaw,https://lawyers.findlaw.com/new-york/flushing/kim-lim--partners-NTM4NDY0M18x/
,,"The Kasen Law Firm, LLC",,,718-337-8012,https://www.visaimmigrationattorneys.com,visaimmigrationattorneys.com,"136-20 38th Avenue, Suite 3C",Flushing,NY,11354,US,Immigration Law,findlaw,https://lawyers.findlaw.com/new-york/flushing/the-kasen-law-firm-llc-NDMwNjA2OV8x/
,,The Law Offices of Franklin S. Montero,,,973-869-5556,https://www.fmonterolaw.com,fmonterolaw.com,"515 Madison Avenue, 5th Floor",New York,NY,10022,US,Immigration Law,findlaw,https://lawyers.findlaw.com/new-york/new-york/the-law-offices-of-franklin-s-montero-NTE4NzE0M18x/
,,"Youman, Madeo & Fasano, LLP",,,800-890-0229,https://www.ymflaw.com,ymflaw.com,"34-27 Steinway Street, Suite 201",Long Island City,NY,11101,US,Immigration Law,findlaw,https://lawyers.findlaw.com/new-york/long-island-city/youman-madeo--fasano-llp-NDY2ODU4N18x/
Toscani,Shakh,,,,631-683-3881,https://tslawny.com/,tslawny.com,"Huntington Quadrangle, 1 Huntington Quad, Suite 1S04",Melville,NY,11747,US,Immigration Law,findlaw,https://lawyers.findlaw.com/new-york/melville/toscani-shakh-llp-NTA1ODE0OV8x/
,,Gehi & Associates,,,347-218-6665,https://gehilaw.com/,gehilaw.com,"74-09 37th Ave., Suite 205",Jackson Heights,NY,11372,US,Immigration Law,findlaw,https://lawyers.findlaw.com/new-york/jackson-heights/gehi--associates-Mzg2NTM3M18x/
,,The Mandel Law Firm,,,646-770-3868,https://www.mandellawfirm.com/,mandellawfirm.com,"One Grand Central Place 60 East 42nd Street, Suite 810",New York,NY,10165,US,Immigration Law,findlaw,https://lawyers.findlaw.com/new-york/new-york/the-mandel-law-firm-MjE1NzE1M18x/
,,Nunez Law Firm,,,917-730-3172,,,"469 7th Ave., 12th Floor, Suite #1251",New York,NY,10018,US,Immigration Law,findlaw,https://lawyers.findlaw.com/new-york/new-york/nunez-law-firm-NTI1NDUxNl8x/
Mancuso,Brightman,,,,315-303-3408,https://www.mbnylaw.com,mbnylaw.com,"16 Oswego St, Suite 2",Baldwinsville,NY,13027,US,Immigration Law,findlaw,https://lawyers.findlaw.com/new-york/baldwinsville/mancuso-brightman-pllc-NTMwODMwN18x/
Manifest,Law,,,,917-983-3031,https://manifestlaw.com/,manifestlaw.com,"333 Park Avenue South, Office 3C",New York,NY,10010,US,Immigration Law,findlaw,https://lawyers.findlaw.com/new-york/new-york/manifest-law-NTMzOTg4Ml8x/
Robert,Tsigler,Law Offices of Robert Tsigler PLLC,,,(718) 878-3781,https://www.tsiglerlaw.com/,tsiglerlaw.com,"100 Garden City Plaza, #518",Garden City,NY,11530,US,Immigration Law,findlaw,https://lawyers.findlaw.com/new-york/garden-city/law-offices-of-robert-tsigler-pllc-NTM4MTc5NF8x/
,,"The Law Office of Anne Z. Sedki, LLC",,,516-540-7948,https://www.sedkilaw.com,sedkilaw.com,"100 Garden City Plaza, Suite 203",Garden City,NY,11530,US,Immigration Law,findlaw,https://lawyers.findlaw.com/new-york/garden-city/the-law-office-of-anne-z-sedki-llc-NTI5OTY3NV8x/
Joseph,DeFelice,,,,(718) 261-3358,https://www.immigrationnewyork.com,immigrationnewyork.com,"12510 Queens Blvd, Ste 302",Kew Gardens,NY,11415,US,Immigration Law,findlaw,https://lawyers.findlaw.com/new-york/kew-gardens/joseph-f-defelice-MTc5ODY2OV8x/
Raymond,Lo,"Law Offices of Raymond Lo, LLC",,,212-966-8668,https://www.raylolaw.com,raylolaw.com,"139 Centre Street, Suite 810",New York,NY,10013,US,Immigration Law,findlaw,https://lawyers.findlaw.com/new-york/new-york/law-offices-of-raymond-lo-llc-NDI3OTkwOV8x/
Amin,Firm,,,,917-920-2039,https://www.aminlegalfirm.com,aminlegalfirm.com,"305 Broadway, 7th Floor",New York,NY,10007,US,Immigration Law,findlaw,https://lawyers.findlaw.com/new-york/new-york/amin-legal-firm-pc-NTE5ODM5NF8x/
,,"Cyrus D. Mehta & Associates, P.L.L.C.",,,(212) 425-0555,https://www.cyrusmehta.com,cyrusmehta.com,"2 Wall Street, 6th Floor",New York,NY,10005,US,Immigration Law,findlaw,https://lawyers.findlaw.com/new-york/new-york/cyrus-d-mehta--associates-pllc-MTg1MTM1M18x/
,,Pastor & Associates P.C.,,,248-987-0757,https://www.pastorandassociates.com,pastorandassociates.com,"65 Broadway, #1603",New York,NY,10006,US,Immigration Law,findlaw,https://lawyers.findlaw.com/new-york/new-york/pastor--associates-pc-NTI4ODkzN18x/
,,"Kenepaske & Scott, PLLC",,,646-733-4365,https://www.kslawnyc.com,kslawnyc.com,"17 Battery Place, Suite 743",New York,NY,10004,US,Immigration Law,findlaw,https://lawyers.findlaw.com/new-york/new-york/kenepaske--scott-pllc-MzQwNzkxNF8x/
,,"Bean, Lloyd, Mukherji, & Taylor, LLP",,,347-745-2100,https://www.beancard.com,beancard.com,"26 Court Street, Suite 1612",Brooklyn,NY,11242,US,Immigration Law,findlaw,https://lawyers.findlaw.com/new-york/brooklyn/bean-lloyd-mukherji--taylor-llp-NTM2Njc0MF8x/
Alfonso,Venegas,"Law Office of Alfonso Venegas, PLLC",,,917-920-2007,https://www.venegaslawfirm.com,venegaslawfirm.com,"2026 Ocean Avenue, Suite M3",Brooklyn,NY,11230,US,Immigration Law,findlaw,https://lawyers.findlaw.com/new-york/brooklyn/law-office-of-alfonso-venegas-pllc-NTI1Mjg4MF8x/
,,"Corash & Hollender, P.C.",,,718-691-1669,https://www.silawfirm.com,silawfirm.com,"1200 South Avenue, Suite 201, The Corporate Park Of Staten Island",Staten Island,NY,10314,US,Immigration Law,findlaw,https://lawyers.findlaw.com/new-york/staten-island/corash--hollender-pc-MTE4Mjk2MF8x/
,,"The Towne Law Firm, P.C.",,,518-874-0296,https://townelaw.com/,townelaw.com,281 Scotch Bush Rd,Burnt Hills,NY,12027,US,Immigration Law,findlaw,https://lawyers.findlaw.com/new-york/burnt-hills/the-towne-law-firm-pc-MzQzODI2OV8x/
,,"Meyers & Meyers, LLP",,,518-724-1885,https://www.meyersandmeyers.com,meyersandmeyers.com,"Wise Building, 60 Railroad Place, Suite 403",Saratoga Springs,NY,12866,US,Immigration Law,findlaw,https://lawyers.findlaw.com/new-york/saratoga-springs/meyers--meyers-llp-NDY1Njg2MF8x/
Robert,Tsigler,Law Offices of Robert Tsigler PLLC,,,(718) 878-3781,https://www.tsiglerlaw.com/,tsiglerlaw.com,"299 Broadway, Suite 1400",New York,NY,10007,US,Immigration Law,findlaw,https://lawyers.findlaw.com/new-york/new-york/law-offices-of-robert-tsigler-pllc-NDk5OTY4MV8x/
,,Slepian Law Offices,,,716-870-4788,https://www.slepianlaw.com/,slepianlaw.com,"460 State Street, Ste. 408",Rochester,NY,14608,US,Immigration Law,findlaw,https://lawyers.findlaw.com/new-york/rochester/slepian-law-offices-NDg1NjAzMF8x/
,,"The Law Offices of Polizzotto & Polizzotto, LLC",,,718-213-4861,,,,Astoria,NY,,US,Immigration Law,findlaw,https://lawyers.findlaw.com/new-york/brooklyn/the-law-offices-of-polizzotto--polizzotto-llc-MTkxNzA5NV8x/
PM,Law,,,,917-634-8715,https://www.pmlawpcny.com,pmlawpcny.com,"14 Penn Plaza Street, 9th Floor",New York,NY,10122,US,Immigration Law,findlaw,https://lawyers.findlaw.com/new-york/new-york/pm-law-pc-NDM2NDgxOF8x/
Toscani,Shakh,,,,631-683-3881,https://tslawny.com/,tslawny.com,"400 Garden City Plaza, #432",Garden City,NY,11530,US,Immigration Law,findlaw,https://lawyers.findlaw.com/new-york/garden-city/toscani-shakh-llp-NTA1OTUxNV8x/
Tully,Rinckey,,,,888-913-6229,https://www.tullylegal.com/,tullylegal.com,"1 North Lexington Avenue, #401",White Plains,NY,10601,US,Immigration Law,findlaw,https://lawyers.findlaw.com/new-york/white-plains/tully-rinckey-pllc-NTEzMTQ4N18x/
,,"Igunbor & Igunbor Law Firm, PLLC",,,845-337-5011,https://www.igunborlaw.com/,igunborlaw.com,320 Robinson Ave.,Newburgh,NY,12550,US,Immigration Law,findlaw,https://lawyers.findlaw.com/new-york/newburgh/igunbor--igunbor-law-firm-pllc-NDgyNzA1Ml8x/
,,"Rodriguez & Porter, Ltd",,,513-855-8971,,,,Abilene,OH,,US,Immigration Law,findlaw,https://lawyers.findlaw.com/ohio/fairfield/rodriguez--porter-ltd-NTI4NDI2Nl8x/
,,Bailey & Galyen Attorneys at Law,,,817-405-4552,https://www.thetexasattorney.com/,thetexasattorney.com,206 Houston Avenue,Weatherford,TX,76086,US,Immigration Law,findlaw,https://lawyers.findlaw.com/texas/weatherford/bailey--galyen-attorneys-at-law-MzcxNjIwMF8x/
,,The Hulse Law Firm,,,972-334-9700,https://www.hulselaw.com,hulselaw.com,777 Taylor St,Ft. Worth,TX,76102,US,Immigration Law,findlaw,https://lawyers.findlaw.com/texas/ft-worth/the-hulse-law-firm-NTM4NDIzOF8x/
,,The Law Office of Rosa Maria Berdeja,,,888-234-6087,https://www.berdejalaw.com,berdejalaw.com,"Grand Plaza Tower, 4200 South Freeway, Suite 602",Fort Worth,TX,76063,US,Immigration Law,findlaw,https://lawyers.findlaw.com/texas/fort-worth/the-law-office-of-rosa-maria-berdeja-NTE0NTc0OV8x/
,,Chavez & Valko LLP,,,817-332-1100,https://www.keyvisa.com,keyvisa.com,"5555 Bridge Street, Suite 100",Fort Worth,TX,76112,US,Immigration Law,findlaw,https://lawyers.findlaw.com/texas/fort-worth/chavez--valko-llp-NDA0MDgyMF8x/
Hogan,Firm,,,,806-771-7900,https://www.hoganlaw.com,hoganlaw.com,6215 98th Street,Lubbock,TX,79424,US,Immigration Law,findlaw,https://lawyers.findlaw.com/texas/lubbock/hogan-law-firm-pc-NDk4MTk3NV8x/
,,"The Law Offices of Veronica Garza, PLLC",,,817-857-4195,https://www.veronicagarzalaw.com,veronicagarzalaw.com,"1398 W. Mayfield Rd. , Ste. 210",Arlington,TX,76015,US,Immigration Law,findlaw,https://lawyers.findlaw.com/texas/arlington/the-law-offices-of-veronica-garza-pllc-NTIwNzcwOF8x/
,,Gehi & Associates,,,347-218-6665,https://gehilaw.com/,gehilaw.com,"3700 River Walk Dr., St. 110",Flower Mound,TX,75028,US,Immigration Law,findlaw,https://lawyers.findlaw.com/texas/flower-mound/gehi--associates-NTM0MDk2Nl8x/
,,"The Law Office of Yolanda Castro-Dominguez, PLLC",,,469-356-2789,https://www.ycdlaw.com/,ycdlaw.com,109 N MacArthur Blvd.,Irving,TX,75061,US,Immigration Law,findlaw,https://lawyers.findlaw.com/texas/irving/the-law-office-of-yolanda-castro-dominguez-pllc-NTAxODE1N18x/
,,"Harrison-Donaldson, Attorney at Law",,,614-647-2773,https://www.hdimmigrationlaw.com,hdimmigrationlaw.com,"5605 North MacArthur Blvd., 10th Floor",Irving,TX,75038,US,Immigration Law,findlaw,https://lawyers.findlaw.com/texas/irving/harrison-donaldson-attorney-at-law-NTIzMDEwNV8x/
,,Reina & Associates,,,469-912-2306,https://www.reinaimmigrationlawyers.com,reinaimmigrationlawyers.com,"1140 Empire Central Drive, Suite 300",Dallas,TX,75247,US,Immigration Law,findlaw,https://lawyers.findlaw.com/texas/dallas/reina--associates-NDg0NDQxMF8x/
Flowers,P.L.L.C.,,,,(214) 843-5777,https://www.flowersdavis.com,flowersdavis.com,"Bank of America Building, 400 South Zang Blvd., Suite 1400",Dallas,TX,75208,US,Immigration Law,findlaw,https://lawyers.findlaw.com/texas/dallas/flowers-davis-pllc-NTA5NjA1NV8x/
,,Lisinski Law Firm,,,800-259-5555,https://lisinskifirm.com/,lisinskifirm.com,"15110  N. Dallas Parkway, Suite 410",Dallas,TX,75205,US,Immigration Law,findlaw,https://lawyers.findlaw.com/texas/dallas/lisinski-law-firm-NTMwMDcyMl8x/
Jae,Lee,Law Office of Jae Lee,,,972-905-2170,,,"6860 Dallas Pkwy, #200",Plano,TX,75024,US,Immigration Law,findlaw,https://lawyers.findlaw.com/texas/plano/law-office-of-jae-lee-NTExNDk0OV8x/
Lefebvre,Firm,,,,972-665-9793,https://www.lefelegal.com,lefelegal.com,"5700 Tennyson Parkway, Suite 300",Plano,TX,75024,US,Immigration Law,findlaw,https://lawyers.findlaw.com/texas/plano/lefebvre-law-firm-pllc-NTE0NzA5OF8x/
Gividen,Law,,,,972-256-8641,https://www.gividenlaw.com,gividenlaw.com,"18208 Preston Rd., D9-284",Dallas,TX,75252,US,Immigration Law,findlaw,https://lawyers.findlaw.com/texas/dallas/gividen-law-pllc-NTM4NjQyMF8x/
,,The Law Office of Walker & Ismail,,,972-619-3956,https://www.planolawoffice.com/,planolawoffice.com,1400 Gables Court,Plano,TX,75075,US,Immigration Law,findlaw,https://lawyers.findlaw.com/texas/plano/the-law-office-of-walker--ismail-MjMyMjI2N18x/
,,The Law Offices of David C. Hardaway,,,512-212-1706,https://www.davidhardawaylaw.com/,davidhardawaylaw.com,"1620 Red Bud Lane, Suite 211",Round Rock,TX,78664,US,Immigration Law,findlaw,https://lawyers.findlaw.com/texas/round-rock/the-law-offices-of-david-c-hardaway-NTM0Mzk2N18x/
Quintana,Barajas,,,,210-996-2664,https://www.lawqb.com,lawqb.com,"108 Wild Basin Road, Suite 250",Austin,TX,78746,US,Immigration Law,findlaw,https://lawyers.findlaw.com/texas/austin/quintana--barajas-NTIxMTUzNV8x/
,,Mark Morales & Associates,,,512-930-5511,https://markmorales.com/,markmorales.com,1607 Nueces St.,Austin,TX,78701,US,Immigration Law,findlaw,https://lawyers.findlaw.com/texas/austin/mark-morales--associates-NDI2ODUzM18x/
,,Keathley & Keathley,,,(903) 417-0889,https://www.keathleykeathley.com,keathleykeathley.com,412 West 3rd Avenue,Corsicana,TX,75110,US,Immigration Law,findlaw,https://lawyers.findlaw.com/texas/corsicana/keathley--keathley-MzYxMTYzOF8x/
,,Román Law Office,,,210-953-0568,https://www.ajr-law.com,ajr-law.com,"11550 IH-10W, Suite 185",San Antonio,TX,78230,US,Immigration Law,findlaw,https://lawyers.findlaw.com/texas/san-antonio/romn-law-office-NTIzMDA4NV8x/
Consumer,Group,,,,+1312-584-0337,https://www.consumerlaw.com,consumerlaw.com,"7616 Eckhert Rd., Suite B",San Antonio,TX,78240,US,Immigration Law,findlaw,https://lawyers.findlaw.com/texas/san-antonio/consumer-law-group-llc-NTM3NDU2NV8x/
,,"Eric M. Bernal & Associates, LLC",,,210-438-8370,https://www.ericmbernallaw.com,ericmbernallaw.com,8023 Vantage Dr.  Suite 400,San Antonio,TX,78230,US,Immigration Law,findlaw,https://lawyers.findlaw.com/texas/san-antonio/eric-m-bernal--associates-llc-NDYwNDcyNV8x/
Trevino,Law,,,,210-544-5105,https://www.trevinoimmigration.com,trevinoimmigration.com,"9601 McAllister Freeway, Suite 314",San Antonio,TX,78216,US,Immigration Law,findlaw,https://lawyers.findlaw.com/texas/san-antonio/trevino-immigration-law-NDM5NTQ3NV8x/
,,Christiansen Law Firm,,,(210) 829-0101,,,206 E. Locust Street,San Antonio,TX,78212,US,Immigration Law,findlaw,https://lawyers.findlaw.com/texas/san-antonio/christiansen-law-firm-Mzg2MzUzNF8x/
,,"Zara Ali & Associates, PLLC",,,832-291-2846,https://www.localhoustonlawyer.com,localhoustonlawyer.com,"2717 Commercial Center Boulevard, Suite E200",Katy,TX,77494,US,Immigration Law,findlaw,https://lawyers.findlaw.com/texas/katy/zara-ali--associates-pllc-NDc4ODIyMF8x/
Anila,Momin,Law Offices of Anila Momin,,,832-930-1000,https://www.theamlawfirm.com,theamlawfirm.com,"77 Sugar Creek Center Blvd., Suite 690",Sugar Land,TX,77478,US,Immigration Law,findlaw,https://lawyers.findlaw.com/texas/sugar-land/law-offices-of-anila-momin-NTI3Mjc3Ml8x/
,,"Ryerson & Associates, P.C. Attorneys and Counselors",,,888-745-4664,https://www.ryerson-associates.com,ryerson-associates.com,"Williams Tower, 2800 Post Oak Blvd., Suite 5600",Houston,TX,77056,US,Immigration Law,findlaw,https://lawyers.findlaw.com/texas/houston/ryerson--associates-pc-attorneys-and-counselors-NTM2NDc1Nl8x/
,,The Gbenjo Law Group,,,713-881-9221,https://gbenjolawgroup.com/,gbenjolawgroup.com,9009 Bissonnet,Houston,TX,77074,US,Immigration Law,findlaw,https://lawyers.findlaw.com/texas/houston/the-gbenjo-law-group-Mzc3NDI4MF8x/
,,"Giron Kirby Law Group, P.L.L.C.",,,713-489-4957,https://gironkirbylaw.com,gironkirbylaw.com,"5433 Westheimer Rd., Suite 725",Houston,TX,77056,US,Immigration Law,findlaw,https://lawyers.findlaw.com/texas/houston/giron-kirby-law-group-pllc-NTIwNTQ5NV8x/
,,"Coane and Associates, PLLC",,,713-352-0965,https://www.coane.com,coane.com,"5177 Richmond Ave., Suite 770",Houston,TX,77056,US,Immigration Law,findlaw,https://lawyers.findlaw.com/texas/houston/coane-and-associates-pllc-MTAwMzc2OV8x/
Cara,Wilkins,Law Office of Cara Wilkins,,,713-367-1006,https://carawilkinslaw.com/,carawilkinslaw.com,"6575 West Loop South, Suite 500",Bellaire,TX,77401,US,Immigration Law,findlaw,https://lawyers.findlaw.com/texas/bellaire/law-office-of-cara-wilkins-NDMxMTEzOV8x/
Alfonso,Venegas,"Law Office of Alfonso Venegas, PLLC",,,956-622-4085,https://www.venegaslawfirm.com,venegaslawfirm.com,"1300 McGowen Street, Suite 280",Houston,TX,78550,US,Immigration Law,findlaw,https://lawyers.findlaw.com/texas/houston/law-office-of-alfonso-venegas-pllc-NDY3MTExMl8x/
,,"Naimeh Salem & Associates, PLLC",,,832-639-0312,https://www.abogadanaimeh.com,abogadanaimeh.com,8980 Lakes at 610 Dr,Houston,TX,77054,US,Immigration Law,findlaw,https://lawyers.findlaw.com/texas/houston/naimeh-salem--associates-pllc-NTE0MDA4N18x/
,,"The Gonzalez Law Group, PLLC",,,832-900-2155,https://www.gonzalezlawgroup.net,gonzalezlawgroup.net,7151 Office City Drive,Houston,TX,77087,US,Immigration Law,findlaw,https://lawyers.findlaw.com/texas/houston/the-gonzalez-law-group-pllc-NDg4OTI3NF8x/
,,Abogado Ruiz Law Firm PLLC,,,832-770-8091,https://www.ruizlawyer.com/,ruizlawyer.com,3717 E. Broadway St.,Pearland,TX,77581,US,Immigration Law,findlaw,https://lawyers.findlaw.com/texas/pearland/abogado-ruiz-law-firm-pllc-NTE1NjUwOV8x/
Hugo,Pina,Law Offices of Hugo Pina,,,956-627-3435,https://www.pinalaw.com,pinalaw.com,601 S. 12th St.,McAllen,TX,78501,US,Immigration Law,findlaw,https://lawyers.findlaw.com/texas/mcallen/law-offices-of-hugo-pina-NDg3OTMyN18x/
,,Jasmit Dhaliwal Law Office PLLC,,,469-913-6392,,,,Allen,TX,,US,Immigration Law,findlaw,https://lawyers.findlaw.com/texas/dallas/law-office-of-jasmit-dhaliwal-pllc-NTA4ODg3Ml8x/
,,Harrison-Donaldson,,,214-810-3933,,,,Allen,TX,,US,Immigration Law,findlaw,https://lawyers.findlaw.com/profile/view/5230105_1
Gividen,Law,,,,972-256-8641,https://www.gividenlaw.com,gividenlaw.com,"905 Watters Creek Blvd, #250",Allen,TX,75013,US,Immigration Law,findlaw,https://lawyers.findlaw.com/texas/allen/gividen-law-pllc-NTI0NTUzMF8x/
,,Bailey & Galyen Attorneys at Law,,,817-405-4552,https://www.thetexasattorney.com/,thetexasattorney.com,"660 North Central Expressway, Suite 290",Plano,TX,75074,US,Immigration Law,findlaw,https://lawyers.findlaw.com/texas/plano/bailey--galyen-attorneys-at-law-MzU1MjExNV8x/
,,The Hulse Law Firm,,,972-334-9700,https://www.hulselaw.com,hulselaw.com,"5700 Tennyson, Suite 300",Plano,TX,75024,US,Immigration Law,findlaw,https://lawyers.findlaw.com/texas/plano/the-hulse-law-firm-MzU3NjY1N18x/
,,Chavez & Valko LLP,,,214-251-8011,https://www.keyvisa.com,keyvisa.com,"10670 N Central Expy, Suite 300",Dallas,TX,75231,US,Immigration Law,findlaw,https://lawyers.findlaw.com/texas/dallas/chavez--valko-llp-MzM5MTE3MF8x/
,,Bailey & Galyen Attorneys at Law,,,817-405-4552,https://www.thetexasattorney.com/,thetexasattorney.com,"1614 Avenue M, Suite 30",Lubbock,TX,79401,US,Immigration Law,findlaw,https://lawyers.findlaw.com/texas/lubbock/bailey--galyen-attorneys-at-law-MzQzNTEwNV8x/
